Type,Family,Model Name,Input Size,Accuracy,Max BS,Optimal BS,Throughput,Latency,Energy,param_count,params_tinfo,macs_tinfo,params_ptflops,macs_ptflops,activations,DONE
TBD,TBD,bat_resnext26ts.ch_in1k,256,78.28,38,38,710.1047911,53724693.5,433071.4113,10.73,10731200,2481540072,10731200,2517770216,83730592,TRUE
TBD,TBD,beit_base_patch16_224.in22k_ft_in22k_in1k,224,85.244,2,2,154.0738641,13998258.21,2017174.143,86.53,86530984,180319720,86530984,12691038184,49777616,TRUE
TBD,TBD,beit_base_patch16_384.in22k_ft_in22k_in1k,384,86.816,20,20,105.9352455,188796428.8,3143047.677,86.74,86744104,404744680,86744104,37170869224,145792976,TRUE
TBD,TBD,beit_large_patch16_224.in22k_ft_in22k_in1k,224,87.488,20,20,108.4865112,184357538.4,3067378.088,304.43,304430568,382106600,304430568,44842152936,131729360,TRUE
TBD,TBD,beit_large_patch16_384.in22k_ft_in22k_in1k,384,88.382,4,6,30.80456205,194778362.3,10826982.06,305,304998888,681339880,304998888,1.31E+11,385824720,TRUE
TBD,TBD,beit_large_patch16_512.in22k_ft_in22k_in1k,512,88.578,2,2,12.73212208,157084502.3,26188552.39,305.67,305674728,1034120168,305674728,2.33E+11,685389776,TRUE
TBD,TBD,beitv2_base_patch16_224.in1k_ft_in1k,224,85.596,62,44,370.7585125,118677955.5,899747.3005,86.53,86530984,180319720,86530984,12691038184,49777616,TRUE
TBD,TBD,beitv2_base_patch16_224.in1k_ft_in22k_in1k,224,86.494,62,40,369.0376696,108392657.2,900734.4857,86.53,86530984,180319720,86530984,12691038184,49777616,TRUE
TBD,TBD,beitv2_large_patch16_224.in1k_ft_in1k,224,87.414,20,20,108.5314597,184281512.9,3061432.041,304.43,304430568,382106600,304430568,44842152936,131729360,TRUE
TBD,TBD,beitv2_large_patch16_224.in1k_ft_in22k_in1k,224,88.406,20,20,108.5486392,184252361.5,3070485.207,304.43,304430568,382106600,304430568,44842152936,131729360,TRUE
TBD,TBD,botnet26t_256.c1_in1k,256,79.256,96,96,1442.54018,66549296.81,227719.795,12.49,12488672,3179365352,12488672,3199091688,75689888,TRUE
TBD,TBD,caformer_b36.sail_in1k,224,85.502,14,11,191.7087438,57378971.13,1665393.358,98.75,98753614,10381390312,98753614,22500860136,236414648,TRUE
TBD,TBD,caformer_b36.sail_in1k_384,384,86.404,4,5,58.68845462,85196023.36,5422661.033,98.75,98753614,30347015912,98753614,66114426856,694725048,TRUE
TBD,TBD,caformer_b36.sail_in22k_ft_in1k,224,87.44,14,11,191.6843775,57386349.35,1674932.877,98.75,98753614,10381390312,98753614,22500860136,236414648,TRUE
TBD,TBD,caformer_b36.sail_in22k_ft_in1k_384,384,88.066,4,5,58.6514685,85249724.33,5423708.406,98.75,98753614,30347015912,98753614,66114426856,694725048,TRUE
TBD,TBD,caformer_m36.sail_in1k,224,85.24,20,20,274.389829,72889190.75,1163643.762,56.2,56204878,5917701736,56204878,12745918888,177311736,TRUE
TBD,TBD,caformer_m36.sail_in1k_384,384,86.16,4,5,85.84343992,58245732.57,3755150.268,56.2,56204878,17298786856,56204878,37450339048,521044536,TRUE
TBD,TBD,caformer_m36.sail_in22k_ft_in1k,224,86.608,20,20,274.3291009,72905357.82,1165244.211,56.2,56204878,5917701736,56204878,12745918888,177311736,TRUE
TBD,TBD,caformer_m36.sail_in22k_ft_in1k_384,384,87.472,4,5,85.74748435,58310978.7,3756082.961,56.2,56204878,17298786856,56204878,37450339048,521044536,TRUE
TBD,TBD,caformer_s18.sail_in1k,224,83.668,56,44,770.8657543,57078853.98,413820.4751,26.34,26341656,1269168168,26341656,3894691560,66411704,TRUE
TBD,TBD,caformer_s18.sail_in1k_384,384,85.036,18,18,235.6324168,76390308.4,1363810.84,26.34,26341656,3684022568,26341656,11439606760,195137464,TRUE
TBD,TBD,caformer_s18.sail_in22k_ft_in1k,224,84.086,56,44,770.2063268,57127677.55,413129.8922,26.34,26341656,1269168168,26341656,3894691560,66411704,TRUE
TBD,TBD,caformer_s18.sail_in22k_ft_in1k_384,384,85.424,18,18,235.3404126,76485040.65,1365735.519,26.34,26341656,3684022568,26341656,11439606760,195137464,TRUE
TBD,TBD,caformer_s36.sail_in1k,224,84.544,28,26,393.7172037,66037837.02,811741.9712,39.3,39297102,2756011944,39297102,7553425128,127601336,TRUE
TBD,TBD,caformer_s36.sail_in1k_384,384,85.756,10,9,120.33425,74791861.96,2670385.365,39.3,39297102,8032065704,39297102,22191803368,374960056,TRUE
TBD,TBD,caformer_s36.sail_in22k_ft_in1k,224,85.788,28,26,393.2389419,66118088.27,815360.7188,39.3,39297102,2756011944,39297102,7553425128,127601336,TRUE
TBD,TBD,caformer_s36.sail_in22k_ft_in1k_384,384,86.864,10,9,120.2555963,74840806.95,2663482.698,39.3,39297102,8032065704,39297102,22191803368,374960056,TRUE
TBD,TBD,cait_m36_384.fb_dist_in1k,384,86.064,1,1,15.93027853,62773829.33,20875234.14,271.22,271221352,610310248,271221352,1.55E+11,1056424400,TRUE
TBD,TBD,cait_m48_448.fb_dist_in1k,448,86.482,0,,,,,356.46,356460520,818214376,356460520,2.85E+11,2290483664,TRUE
TBD,TBD,cait_s24_224.fb_dist_in1k,224,83.484,32,32,358.3389525,89301357.1,926360.7986,46.92,46916200,104403304,46916200,8668631656,77246672,TRUE
TBD,TBD,cait_s24_384.fb_dist_in1k,384,85.042,4,5,53.69762616,93114084.8,6189397.941,47.06,47062120,216615784,47062120,26223975016,353035472,TRUE
TBD,TBD,cait_s36_384.fb_dist_in1k,384,85.458,2,3,34.51195938,86926893.18,9628119.177,68.37,68366632,237911080,68366632,39078304360,528213200,TRUE
TBD,TBD,cait_xs24_384.fb_dist_in1k,384,84.064,4,6,73.93670189,81151164.98,4491440.443,26.67,26670088,153835336,26670088,14826042568,264777104,TRUE
TBD,TBD,cait_xxs24_224.fb_dist_in1k,224,78.392,66,66,769.1603422,85808912.21,431196.3671,11.96,11956264,40699816,11956264,2194127656,38624336,TRUE
TBD,TBD,cait_xxs24_384.fb_dist_in1k,384,80.962,10,10,116.9507553,85506399.98,2832553.747,12.03,12029224,96806056,12029224,6656069416,176518736,TRUE
TBD,TBD,cait_xxs36_224.fb_dist_in1k,224,79.738,44,44,504.7456307,87172886.33,654263.8642,17.3,17299720,46038664,17299720,3261596968,57703760,TRUE
TBD,TBD,cait_xxs36_384.fb_dist_in1k,384,82.208,4,6,75.99615827,78951593.27,4345838.57,17.37,17372680,102144904,17372680,9898184488,264107600,TRUE
TBD,TBD,coat_lite_medium.in1k,224,83.602,28,24,316.2290976,75894630.82,1028298.604,44.57,85830632,395144808,44571048,10408865256,112428752,TRUE
TBD,TBD,coat_lite_medium_384.in1k,384,84.894,8,8,107.4174345,74475959.65,3047236.001,44.57,85830632,1077101928,44571048,30505113576,329825232,TRUE
TBD,TBD,coat_lite_mini.in1k,224,79.096,88,93,1095.71974,84876458.08,286728.327,11.01,16311528,141937384,11011560,2044130280,37342928,TRUE
TBD,TBD,coat_lite_small.in1k,224,82.302,52,48,599.5234627,80063893.92,533381.2752,19.84,34828200,178536744,19838504,4163245352,66868944,TRUE
TBD,TBD,coat_lite_tiny.in1k,224,77.548,114,104,1181.454054,88027633.35,269628.8066,5.72,8433512,112718376,5721960,1649274472,35758160,TRUE
TBD,TBD,coat_mini.in1k,224,81.304,40,40,362.7276678,110275849.2,909083.8001,10.34,18466204,298536448,10337004,7249941288,57030456,TRUE
TBD,TBD,coat_small.in1k,224,82.376,30,30,258.9467926,115854241,1268579.314,21.69,38941412,454140104,21693908,13157128600,68189760,TRUE
TBD,TBD,coat_tiny.in1k,224,78.442,48,48,457.4789663,104923084.4,718385.9142,5.5,9747548,216413888,5498540,4690508200,50163192,TRUE
TBD,TBD,coatnet_0_rw_224.sw_in1k,224,82.394,58,56,815.0331421,68708988.46,406756.982,27.44,27435562,4214267496,27435562,4231185896,67137056,TRUE
TBD,TBD,coatnet_1_rw_224.sw_in1k,224,83.612,32,28,450.2818227,62183355.71,736365.7624,41.72,41721502,7598357928,41721502,7622542248,117394656,TRUE
TBD,TBD,coatnet_2_rw_224.sw_in12k_ft_in1k,224,86.58,20,20,288.3878022,69351138.75,1148151.171,73.87,73868400,14494337128,73868400,14531130600,172180256,TRUE
TBD,TBD,coatnet_bn_0_rw_224.sw_in1k,224,82.394,46,44,711.7251329,61821680.53,466750.8088,27.44,27435562,4455112296,27435562,4475844072,80659488,TRUE
TBD,TBD,coatnet_nano_rw_224.sw_in1k,224,81.704,64,64,1058.303651,60474200.62,313272.7448,15.14,15141244,2272859240,15141244,2287047144,61754656,TRUE
TBD,TBD,coatnet_rmlp_1_rw_224.sw_in1k,224,83.354,36,28,477.1047784,58687389.29,693613.1778,41.69,41691982,7359842706,41691982,7448648126,126750182,TRUE
TBD,TBD,coatnet_rmlp_1_rw2_224.sw_in12k_ft_in1k,224,84.94,32,28,447.3160881,62595604.72,742156.4703,41.72,41724622,7601575314,41724622,7713353150,145671142,TRUE
TBD,TBD,coatnet_rmlp_2_rw_224.sw_in12k_ft_in1k,224,86.54,20,20,282.2676713,70861193.08,1173726.084,73.88,73881264,14498269600,73881264,14643063728,202684200,TRUE
TBD,TBD,coatnet_rmlp_2_rw_224.sw_in1k,224,84.602,20,20,283.1673612,70630271.03,1174769.984,73.88,73881264,14498269600,73881264,14643063728,202684200,TRUE
TBD,TBD,coatnet_rmlp_2_rw_384.sw_in12k_ft_in1k,384,87.402,4,6,79.14709226,75808885.42,4175744.399,73.88,73881264,42594538080,73881264,43035559408,645617720,TRUE
TBD,TBD,coatnet_rmlp_nano_rw_224.sw_in1k,224,82.062,52,44,925.5141383,47541179.82,356967.3467,15.15,15145116,2466424212,15145116,2505049884,83447844,TRUE
TBD,TBD,coatnext_nano_rw_224.sw_in1k,224,81.998,120,120,1280.294314,93728557.17,259365.8709,14.7,14701244,2356428136,14701244,2364994280,42630560,TRUE
TBD,TBD,convformer_b36.sail_in1k,224,84.83,16,16,225.9857517,70800994.68,1466834.382,99.88,99882616,22630196200,99882616,22696621800,247930040,TRUE
TBD,TBD,convformer_b36.sail_in1k_384,384,85.778,4,5,73.63839798,67899389.2,4442200.194,99.88,99882616,66494453480,99882616,66689726440,728566200,TRUE
TBD,TBD,convformer_b36.sail_in22k_ft_in1k,224,86.984,16,16,225.7933152,70861385.6,1464482.56,99.88,99882616,22630196200,99882616,22696621800,247930040,TRUE
TBD,TBD,convformer_b36.sail_in22k_ft_in1k_384,384,87.602,4,5,73.59231869,67941899.33,4427445.483,99.88,99882616,66494453480,99882616,66689726440,728566200,TRUE
TBD,TBD,convformer_m36.sail_in1k,224,84.486,22,22,321.924755,68338963.56,1026469.715,57.05,57051640,12842920936,57051640,12892740136,185948280,TRUE
TBD,TBD,convformer_m36.sail_in1k_384,384,85.58,8,8,107.7366063,74255246.2,3030783.405,57.05,57051640,37735359016,57051640,37881813736,546425400,TRUE
TBD,TBD,convformer_m36.sail_in22k_ft_in1k,224,86.152,22,22,321.7907854,68367462.86,1026576.819,57.05,57051640,12842920936,57051640,12892740136,185948280,TRUE
TBD,TBD,convformer_m36.sail_in22k_ft_in1k_384,384,86.868,8,8,107.7419848,74251489.94,3048251.605,57.05,57051640,37735359016,57051640,37881813736,546425400,TRUE
TBD,TBD,convformer_s18.sail_in1k,224,82.968,62,44,892.5663418,49296075.44,369489.3475,26.77,26774448,3941391912,26774448,3959945448,70250168,TRUE
TBD,TBD,convformer_s18.sail_in1k_384,384,84.394,20,20,304.7112517,65636068.41,1081469.142,26.77,26774448,11576826152,26774448,11631373288,206417848,TRUE
TBD,TBD,convformer_s18.sail_in22k_ft_in1k,224,83.762,62,44,892.1014606,49321811.54,369509.9814,26.77,26774448,3941391912,26774448,3959945448,70250168,TRUE
TBD,TBD,convformer_s18.sail_in22k_ft_in1k_384,384,85.026,20,20,304.2909437,65726662.46,1075474.048,26.77,26774448,11576826152,26774448,11631373288,206417848,TRUE
TBD,TBD,convformer_s36.sail_in1k,224,84.072,30,26,456.08725,57006715.16,717917.6075,40.01,40012152,7640098728,40012152,7676255976,134826680,TRUE
TBD,TBD,convformer_s36.sail_in1k_384,384,85.38,10,10,155.6536455,64245363,2088259.171,40.01,40012152,22446479528,40012152,22552775656,396193720,TRUE
TBD,TBD,convformer_s36.sail_in22k_ft_in1k,224,85.424,30,26,456.2590816,56985248.93,721689.543,40.01,40012152,7640098728,40012152,7676255976,134826680,TRUE
TBD,TBD,convformer_s36.sail_in22k_ft_in1k_384,384,86.38,10,10,155.7767354,64194643.55,2098118.237,40.01,40012152,22446479528,40012152,22552775656,396193720,TRUE
TBD,TBD,convit_base.fb_in1k,224,82.294,40,36,281.5796558,127851672.8,1179387.791,86.54,86540040,201554024,86540040,16827769832,68527344,TRUE
TBD,TBD,convit_small.fb_in1k,224,81.414,72,64,622.8882862,102747824.4,531104.9722,27.78,27777322,92472688,27777322,5365367272,38547506,TRUE
TBD,TBD,convit_tiny.fb_in1k,224,73.126,160,144,1704.642906,84475453.09,194281.5153,5.71,5710512,34464008,5710512,1082940392,17133336,TRUE
TBD,TBD,convmixer_1024_20_ks9_p14.in1k,224,76.944,76,76,626.7894135,121252884.3,527602.2651,24.38,24383464,5959379944,24383464,6002811880,48502736,TRUE
TBD,TBD,convmixer_1536_20.in1k,224,81.37,12,12,94.24637783,127326367.9,3520129.252,51.63,51625960,51163783144,51625960,51424752616,290987984,TRUE
TBD,TBD,convmixer_768_32.in1k,224,80.158,24,24,191.2442972,125494043,1744032.885,21.11,21110248,20728070632,21110248,20934015976,230429648,TRUE
TBD,TBD,convnext_atto.d2_in1k,288,77.014,188,187,2572.803477,72683408.42,128618.6907,3.7,3695520,910869640,3695520,915841320,26028920,TRUE
TBD,TBD,convnext_atto.d2_in1k,224,75.668,312,310,4299.091996,72108343.78,77102.22591,3.7,3695520,551148680,3695520,554154280,15747960,TRUE
TBD,TBD,convnext_atto_ols.a2_in1k,288,77.22,182,128,2464.58605,51935776.2,134394.3071,3.7,3702912,959640712,3702912,964612392,26526584,TRUE
TBD,TBD,convnext_atto_ols.a2_in1k,224,75.902,300,288,4104.823869,70161505.05,80518.7293,3.7,3702912,580652168,3702912,583657768,16049016,TRUE
TBD,TBD,convnext_base.clip_laion2b_augreg_ft_in12k_in1k,256,86.386,30,30,281.0113996,106757570.7,1178178.943,88.59,88591464,818454888,88591464,20123001832,152315832,TRUE
TBD,TBD,convnext_base.clip_laion2b_augreg_ft_in12k_in1k_384,384,87.15,12,13,125.1292638,103893315.8,2646700.39,88.59,88591464,1735385448,88591464,45275472872,342697912,TRUE
TBD,TBD,convnext_base.clip_laion2b_augreg_ft_in1k,256,86.184,30,30,280.8639137,106813822.5,1180127.22,88.59,88591464,818454888,88591464,20123001832,152315832,TRUE
TBD,TBD,convnext_base.clip_laiona_augreg_ft_in1k_384,384,86.488,12,13,125.0703357,103942621.4,2650327.264,88.59,88591464,1735385448,88591464,45275472872,342697912,TRUE
TBD,TBD,convnext_base.fb_in1k,288,84.466,24,20,222.723145,89798038.23,1487050.929,88.59,88591464,1013302632,88591464,25467901928,192772024,TRUE
TBD,TBD,convnext_base.fb_in1k,224,83.834,40,40,368.2841026,108612347.9,901292.3337,88.59,88591464,646530408,88591464,15406913512,116619192,TRUE
TBD,TBD,convnext_base.fb_in22k_ft_in1k,288,86.298,24,20,222.9486252,89707301.64,1483144.605,88.59,88591464,1013302632,88591464,25467901928,192772024,TRUE
TBD,TBD,convnext_base.fb_in22k_ft_in1k,224,85.816,40,40,368.6730574,108497505.8,900222.0934,88.59,88591464,646530408,88591464,15406913512,116619192,TRUE
TBD,TBD,convnext_base.fb_in22k_ft_in1k_384,384,86.826,12,13,125.2830744,103765773.4,2648322.38,88.59,88591464,1735385448,88591464,45275472872,342697912,TRUE
TBD,TBD,convnext_femto.d1_in1k,288,78.71,158,153,2205.005416,69387713.05,150522.0674,5.22,5217784,1296090280,5217784,1302056296,31234104,TRUE
TBD,TBD,convnext_femto.d1_in1k,224,77.508,260,256,3648.258867,70170512.91,90657.24535,5.22,5217784,784209064,5217784,787815784,18896952,TRUE
TBD,TBD,convnext_femto_ols.d1_in1k,288,78.914,152,153,2123.400928,72054324.38,155651.5761,5.23,5226520,1351828648,5226520,1357794664,31731768,TRUE
TBD,TBD,convnext_femto_ols.d1_in1k,224,77.844,252,253,3508.601406,72108584.15,94041.53705,5.23,5226520,817927336,5226520,821534056,19198008,TRUE
TBD,TBD,convnext_large.fb_in1k,288,84.862,14,15,111.2949464,134778502.9,2975732.462,197.77,197767336,1964975656,197767336,56929944040,289156536,TRUE
TBD,TBD,convnext_large.fb_in1k,224,84.298,24,22,183.8259279,119679440.2,1811298.882,197.77,197767336,1263822376,197767336,34439709160,174927288,TRUE
TBD,TBD,convnext_large.fb_in22k_ft_in1k,288,87.014,14,15,111.3394482,134726178.1,2976450.449,197.77,197767336,1964975656,197767336,56929944040,289156536,TRUE
TBD,TBD,convnext_large.fb_in22k_ft_in1k,224,86.612,24,22,184.0796282,119514755.2,1808644.483,197.77,197767336,1263822376,197767336,34439709160,174927288,TRUE
TBD,TBD,convnext_large.fb_in22k_ft_in1k_384,384,87.456,8,8,62.35032285,128308632.3,5314680.531,197.77,197767336,3345371176,197767336,1.01E+11,514045368,TRUE
TBD,TBD,convnext_large_mlp.clip_laion2b_augreg_ft_in1k,256,87.336,18,18,140.1955002,128393504.7,2361200.158,200.13,200128168,1594848808,200128168,44984369128,228475320,TRUE
TBD,TBD,convnext_large_mlp.clip_laion2b_augreg_ft_in1k_384,384,87.89,8,8,62.23815854,128539849.2,5326424.152,200.13,200128168,3347732008,200128168,1.01E+11,514048440,TRUE
TBD,TBD,convnext_large_mlp.clip_laion2b_soup_ft_in12k_in1k_320,320,87.97,12,12,89.57498705,133967698.1,3702729.877,200.13,200128168,2383646248,200128168,70285883368,356983224,TRUE
TBD,TBD,convnext_large_mlp.clip_laion2b_soup_ft_in12k_in1k_384,384,88.334,8,8,62.17590021,128668530.7,5323593.601,200.13,200128168,3347732008,200128168,1.01E+11,514048440,TRUE
TBD,TBD,convnext_nano.d1h_in1k,288,81.474,86,85,1145.198498,74223089.29,289864.6728,15.59,15593560,4056043560,15593560,4067022440,57031480,TRUE
TBD,TBD,convnext_nano.d1h_in1k,224,80.762,142,140,1892.749802,73966489.68,175239.8461,15.59,15593560,2453913640,15593560,2460550760,34503480,TRUE
TBD,TBD,convnext_nano.in12k_ft_in1k,288,82.882,86,85,1145.10754,74228910.6,289806.9646,15.59,15593560,4056043560,15593560,4067022440,57031480,TRUE
TBD,TBD,convnext_nano.in12k_ft_in1k,224,82.306,142,140,1892.660309,73969985.35,175087.7839,15.59,15593560,2453913640,15593560,2460550760,34503480,TRUE
TBD,TBD,convnext_nano_ols.d1h_in1k,288,81.612,80,80,1032.807077,77458878,321713.4612,15.65,15649560,4381184040,15649560,4392162920,58690360,TRUE
TBD,TBD,convnext_nano_ols.d1h_in1k,224,80.906,134,132,1708.165398,77276050.41,193941.6956,15.65,15649560,2650603560,15649560,2657240680,35507000,TRUE
TBD,TBD,convnext_pico.d1_in1k,288,80.43,118,104,1698.254799,61239562.03,195565.9092,9.05,9045672,2269578472,9045672,2277533160,41644472,TRUE
TBD,TBD,convnext_pico.d1_in1k,224,79.516,196,176,2807.832725,62682032.13,118407.009,9.05,9045672,1373160680,9045672,1377969640,25194936,TRUE
TBD,TBD,convnext_pico_ols.d1_in1k,288,80.458,114,104,1634.608207,63623932.85,202736.6771,9.06,9061928,2367784168,9061928,2375738856,42308024,TRUE
TBD,TBD,convnext_pico_ols.d1_in1k,224,79.542,190,176,2704.85682,65068292.87,122400.5903,9.06,9061928,1432569064,9061928,1437378024,25596344,TRUE
TBD,TBD,convnext_small.fb_in1k,288,83.704,32,32,340.9527552,93855411.16,957127.8337,50.22,50223688,648721672,50223688,14418903784,144579768,TRUE
TBD,TBD,convnext_small.fb_in1k,224,83.144,54,48,566.7433228,84695185.65,575570.6749,50.22,50223688,411391240,50223688,8722850536,87465144,TRUE
TBD,TBD,convnext_small.fb_in22k_ft_in1k,288,85.276,32,32,340.5011647,93979837.09,949839.1268,50.22,50223688,648721672,50223688,14418903784,144579768,TRUE
TBD,TBD,convnext_small.fb_in22k_ft_in1k,224,84.582,54,55,569.3926884,96594391.67,578282.6437,50.22,50223688,411391240,50223688,8722850536,87465144,TRUE
TBD,TBD,convnext_small.fb_in22k_ft_in1k_384,384,85.754,18,18,191.8975788,93800852.86,1698674.195,50.22,50223688,1115965960,50223688,25633008616,257024184,TRUE
TBD,TBD,convnext_small.in12k_ft_in1k,288,85.324,32,32,340.8885945,93873209.25,958080.0785,50.22,50223688,648721672,50223688,14418903784,144579768,TRUE
TBD,TBD,convnext_small.in12k_ft_in1k,224,85.164,54,55,568.1368559,96808026.34,577578.1543,50.22,50223688,411391240,50223688,8722850536,87465144,TRUE
TBD,TBD,convnext_small.in12k_ft_in1k_384,384,86.186,18,18,191.9639593,93767806.09,1707347.966,50.22,50223688,1115965960,50223688,25633008616,257024184,TRUE
TBD,TBD,convnext_tiny.fb_in1k,288,82.694,54,52,589.1722975,88259814.53,549223.8112,28.59,28589128,515465224,28589128,7404827368,90832056,TRUE
TBD,TBD,convnext_tiny.fb_in1k,224,82.066,88,88,977.8818791,89990770.71,329803.3458,28.59,28589128,322371592,28589128,4479767272,54951096,TRUE
TBD,TBD,convnext_tiny.fb_in22k_ft_in1k,224,82.888,88,88,977.5205455,90024173.19,328767.8961,28.59,28589128,322371592,28589128,4479767272,54951096,TRUE
TBD,TBD,convnext_tiny.fb_in22k_ft_in1k,288,78.95,54,52,589.4071636,88224553.18,548228.267,28.59,28589128,515465224,28589128,7404827368,90832056,TRUE
TBD,TBD,convnext_tiny.fb_in22k_ft_in1k_384,384,84.098,30,30,332.854015,90130084.12,969796.9008,28.59,28589128,895618312,28589128,13163539432,161472696,TRUE
TBD,TBD,convnext_tiny.in12k_ft_in1k,288,84.448,54,52,589.0979808,88271027.79,545534.6964,28.59,28589128,515465224,28589128,7404827368,90832056,TRUE
TBD,TBD,convnext_tiny.in12k_ft_in1k,224,84.192,88,88,977.1770422,90055879.41,328635.8758,28.59,28589128,322371592,28589128,4479767272,54951096,TRUE
TBD,TBD,convnext_tiny.in12k_ft_in1k_384,384,85.154,30,30,332.9097618,90115006.21,971797.1543,28.59,28589128,895618312,28589128,13163539432,161472696,TRUE
TBD,TBD,convnext_tiny_hnf.a2h_in1k,288,82.608,54,52,711.1712615,73119418.16,465422.0455,28.59,28589128,7386989992,28589128,7404827368,90830752,TRUE
TBD,TBD,convnext_tiny_hnf.a2h_in1k,224,82.23,88,88,1183.154567,74377828.43,280159.8491,28.59,28589128,4468983208,28589128,4479767272,54949792,TRUE
TBD,TBD,convnext_xlarge.fb_in22k_ft_in1k,288,87.374,10,10,67.17534881,148865750.2,4959892.833,350.2,350196968,3213330152,350196968,1.01E+11,385541048,TRUE
TBD,TBD,convnext_xlarge.fb_in22k_ft_in1k,224,86.97,18,18,109.8869267,163806756.4,3041491.473,350.2,350196968,2077132520,350196968,61025397736,233235384,TRUE
TBD,TBD,convnext_xlarge.fb_in22k_ft_in1k_384,384,87.766,4,6,37.74550191,158963471.5,8844738.522,350.2,350196968,5450219240,350196968,1.79E+11,685392824,TRUE
TBD,TBD,convnext_xxlarge.clip_laion2b_soup_ft_in1k,256,88.622,4,6,35.87667414,167246835.4,9315434.467,846.47,846471016,5533495144,846471016,1.98E+11,504127416,TRUE
TBD,TBD,convnextv2_atto.fcmae_ft_in1k,288,77.79,122,96,1785.581298,53764096.69,185487.7033,3.71,3708400,910884360,3708400,914856360,26028920,TRUE
TBD,TBD,convnextv2_atto.fcmae_ft_in1k,224,76.646,204,176,2965.118812,59356922.8,111219.826,3.71,3708400,551163400,3708400,553558440,15747960,TRUE
TBD,TBD,convnextv2_base.fcmae_ft_in1k,288,85.49,14,15,173.0995154,86655482.21,1905633.561,88.72,88717800,1013447016,88717800,25460188136,192772024,TRUE
TBD,TBD,convnextv2_base.fcmae_ft_in1k,224,84.888,26,22,286.9250161,76675245.85,1151630.205,88.72,88717800,646674792,88717800,15402247144,116619192,TRUE
TBD,TBD,convnextv2_base.fcmae_ft_in22k_in1k,288,86.998,14,15,172.8826198,86764197.46,1903902.982,88.72,88717800,1013447016,88717800,25460188136,192772024,TRUE
TBD,TBD,convnextv2_base.fcmae_ft_in22k_in1k,224,86.752,26,22,286.9727991,76662483.62,1155270.464,88.72,88717800,646674792,88717800,15402247144,116619192,TRUE
TBD,TBD,convnextv2_base.fcmae_ft_in22k_in1k_384,384,87.638,8,7,95.68324927,73158224.29,3443620.664,88.72,88717800,1735529832,88717800,45261759464,342697912,TRUE
TBD,TBD,convnextv2_femto.fcmae_ft_in1k,288,79.332,102,102,1513.713359,67384001.2,217926.759,5.23,5233240,1296107944,5233240,1300874344,31234104,TRUE
TBD,TBD,convnextv2_femto.fcmae_ft_in1k,224,78.484,170,170,2503.984175,67891819.42,131811.2649,5.23,5233240,784226728,5233240,787100776,18896952,TRUE
TBD,TBD,convnextv2_huge.fcmae_ft_in1k,288,86.618,4,4,31.38935978,127433695.6,10561354.46,660.29,660289640,5642536712,660289640,1.90E+11,530117816,TRUE
TBD,TBD,convnextv2_huge.fcmae_ft_in1k,224,86.26,4,7,52.44690725,133470588.2,6341324.879,660.29,660289640,3665028872,660289640,1.15E+11,320697528,TRUE
TBD,TBD,convnextv2_huge.fcmae_ft_in22k_in1k_384,384,88.662,2,2,17.90553146,111698760.9,18574485.59,660.29,660289640,9535755272,660289640,3.38E+11,942414008,TRUE
TBD,TBD,convnextv2_huge.fcmae_ft_in22k_in1k_512,512,88.86,1,1,10.16267687,98401274.72,32839649.1,660.29,660289640,16457032712,660289640,6.01E+11,1675385016,TRUE
TBD,TBD,convnextv2_large.fcmae_ft_in1k,288,86.126,10,10,90.60033384,110375136.7,3660339.435,197.96,197956840,1965192232,197956840,56918373352,289156536,TRUE
TBD,TBD,convnextv2_large.fcmae_ft_in1k,224,85.762,16,16,147.463777,108501783.9,2222654.8,197.96,197956840,1264038952,197956840,34432709608,174927288,TRUE
TBD,TBD,convnextv2_large.fcmae_ft_in22k_in1k,288,87.494,10,10,90.52447286,110467701,3665492.297,197.96,197956840,1965192232,197956840,56918373352,289156536,TRUE
TBD,TBD,convnextv2_large.fcmae_ft_in22k_in1k,224,87.264,16,16,147.198872,108696937,2213521.453,197.96,197956840,1264038952,197956840,34432709608,174927288,TRUE
TBD,TBD,convnextv2_large.fcmae_ft_in22k_in1k_384,384,88.178,4,5,50.63482229,98746512.72,6518981.845,197.96,197956840,3345587752,197956840,1.01E+11,514045368,TRUE
TBD,TBD,convnextv2_nano.fcmae_ft_in1k,288,82.496,56,52,787.710352,66014230.44,421083.1394,15.62,15623800,4056078120,15623800,4064845160,57031480,TRUE
TBD,TBD,convnextv2_nano.fcmae_ft_in1k,224,81.856,92,88,1307.216789,67318774.42,253958.8094,15.62,15623800,2453948200,15623800,2459233640,34503480,TRUE
TBD,TBD,convnextv2_nano.fcmae_ft_in22k_in1k,288,82.666,56,52,787.8377103,66003541.23,421987.0564,15.62,15623800,4056078120,15623800,4064845160,57031480,TRUE
TBD,TBD,convnextv2_nano.fcmae_ft_in22k_in1k,224,82.038,92,88,1307.300678,67314404.89,253866.6278,15.62,15623800,2453948200,15623800,2459233640,34503480,TRUE
TBD,TBD,convnextv2_nano.fcmae_ft_in22k_in1k_384,384,83.362,30,30,445.1671961,67390569.93,746048.6327,15.62,15623800,7210271400,15623800,7225892840,101383480,TRUE
TBD,TBD,convnextv2_pico.fcmae_ft_in1k,288,81.056,76,76,1153.099171,65909374.78,286440.2015,9.07,9066280,2269602024,9066280,2275957224,41644472,TRUE
TBD,TBD,convnextv2_pico.fcmae_ft_in1k,224,80.304,128,128,1906.880468,67125486.38,173554.643,9.07,9066280,1373184232,9066280,1377016296,25194936,TRUE
TBD,TBD,convnextv2_tiny.fcmae_ft_in1k,288,83.476,34,32,435.0384057,73556838.26,737881.5849,28.64,28635496,515518216,28635496,7401281512,90832056,TRUE
TBD,TBD,convnextv2_tiny.fcmae_ft_in1k,224,82.948,56,56,720.20864,77755343.88,445783.3611,28.64,28635496,322424584,28635496,4477622248,54951096,TRUE
TBD,TBD,convnextv2_tiny.fcmae_ft_in22k_in1k,288,84.422,20,12,396.3645622,31041609.71,856824.6329,28.64,28635496,515518216,28635496,7401281512,90832056,TRUE
TBD,TBD,convnextv2_tiny.fcmae_ft_in22k_in1k,224,83.904,32,28,556.0113056,52577353.69,619521.4655,28.64,28635496,322424584,28635496,4477622248,54951096,TRUE
TBD,TBD,convnextv2_tiny.fcmae_ft_in22k_in1k_384,384,85.106,10,7,186.2574073,39664105.01,1887420.418,28.64,28635496,895671304,28635496,13157235688,161472696,TRUE
TBD,TBD,crossvit_15_240.in1k,240,81.518,62,60,692.3260698,90156409.86,502531.8068,27.53,27528464,118129232,27528464,3895225644,14735940,TRUE
TBD,TBD,crossvit_15_dagger_240.in1k,240,82.306,62,56,767.8687148,72929513.44,431499.2158,28.21,28209008,440524880,28209008,4218946860,16213572,TRUE
TBD,TBD,crossvit_15_dagger_408.in1k,408,83.84,20,20,200.0876583,99956361.01,1650898.028,28.5,28500080,1236964304,28500080,15895929644,47340900,TRUE
TBD,TBD,crossvit_18_240.in1k,240,82.386,46,44,533.3240037,82504357.44,623888.7157,43.27,43271408,148972304,43271408,5976309939,19839610,TRUE
TBD,TBD,crossvit_18_dagger_240.in1k,240,82.504,46,36,445.6397312,84329099.33,782364.835,44.27,44266976,591805968,44266976,6420690099,21563514,TRUE
TBD,TBD,crossvit_18_dagger_408.in1k,408,84.202,16,12,98.23821567,127914981.1,3568402.599,44.61,44606560,1649525456,44606560,23524597179,62985930,TRUE
TBD,TBD,crossvit_9_240.in1k,240,73.976,134,134,1526.082163,91145208.57,226780.3642,8.55,8553296,68953808,8553296,1308976224,6798040,TRUE
TBD,TBD,crossvit_9_dagger_240.in1k,240,76.986,130,130,1854.374718,70105072.57,178947.6432,8.78,8776592,207649488,8776592,1448555616,7783128,TRUE
TBD,TBD,crossvit_base_240.in1k,240,82.228,30,30,285.6796522,105014250.6,1160976.077,105.03,105025232,286226768,105025232,14953968516,27969672,TRUE
TBD,TBD,crossvit_small_240.in1k,240,81.04,68,64,845.853927,75664428.65,392427.1025,26.86,26856272,117457040,26856272,4068564906,13984836,TRUE
TBD,TBD,crossvit_tiny_240.in1k,240,73.33,136,112,1981.08145,56535480.13,167193.2746,7.01,7014800,52315184,7014800,1182197181,6992418,TRUE
TBD,TBD,cs3darknet_focus_l.c2ns_in1k,288,80.91,44,40,1006.529353,39740535.83,329379.23,21.15,21151720,5877441512,21151720,5887768040,62672288,TRUE
TBD,TBD,cs3darknet_focus_l.c2ns_in1k,256,80.252,56,48,1314.582301,36513575.92,249216.512,21.15,21151720,4644119528,21151720,4652278760,49520544,TRUE
TBD,TBD,cs3darknet_focus_m.c2ns_in1k,288,77.292,74,64,1770.347278,36151159.69,183397.0526,9.3,9304360,2497051624,9304360,2503365736,37705120,TRUE
TBD,TBD,cs3darknet_focus_m.c2ns_in1k,256,76.774,94,88,2289.049329,38443935.54,142921.0995,9.3,9304360,1973140456,9304360,1978129384,29793184,TRUE
TBD,TBD,cs3darknet_l.c2ns_in1k,288,80.888,42,40,961.8029976,41588663.29,343494.2988,21.16,21164168,6134236136,21164168,6145226216,65990048,TRUE
TBD,TBD,cs3darknet_l.c2ns_in1k,256,80.354,54,48,1256.934171,38188192.01,261751.0919,21.16,21164168,4847018984,21164168,4855702504,52141984,TRUE
TBD,TBD,cs3darknet_m.c2ns_in1k,288,77.628,68,64,1653.519201,38705390.6,196775.7456,9.31,9310240,2617983976,9310240,2624795752,40193440,TRUE
TBD,TBD,cs3darknet_m.c2ns_in1k,256,76.982,86,85,2145.870073,39611036.91,152813.9999,9.31,9310240,2068691944,9310240,2074074088,31759264,TRUE
TBD,TBD,cs3darknet_x.c2ns_in1k,288,82.236,30,30,570.0727688,52624990.55,580157.5839,35.05,35046320,10574152680,35046320,10588719720,87877920,TRUE
TBD,TBD,cs3darknet_x.c2ns_in1k,256,81.856,40,40,730.0188726,54793136.77,452599.7829,35.05,35046320,8355154920,35046320,8366664680,69436320,TRUE
TBD,TBD,cs3edgenet_x.c2_in1k,288,82.746,26,26,470.8733987,55216915.8,697775.3066,47.82,47821120,14555464680,47821120,14572027560,99852960,TRUE
TBD,TBD,cs3edgenet_x.c2_in1k,256,82.214,34,34,649.326035,52362275.93,510555.6863,47.82,47821120,11500882920,47821120,11513969640,78898080,TRUE
TBD,TBD,cs3se_edgenet_x.c2ns_in1k,320,83.544,18,16,365.971385,43719482.51,905072.0923,50.72,50721584,17972309464,50721584,17992760048,123301272,TRUE
TBD,TBD,cs3se_edgenet_x.c2ns_in1k,256,82.76,30,30,579.6796212,51752956.83,571643.0429,50.72,50721584,11503783384,50721584,11516872688,78926232,TRUE
TBD,TBD,cs3sedarknet_l.c2ns_in1k,288,81.766,38,38,896.3162217,42395927.6,368332.9468,21.91,21913592,6134985560,21913592,6145976840,66003248,TRUE
TBD,TBD,cs3sedarknet_l.c2ns_in1k,256,81.22,48,48,1179.122697,40708370.08,280997.8147,21.91,21913592,4847768408,21913592,4856453128,52155184,TRUE
TBD,TBD,cs3sedarknet_x.c2ns_in1k,288,82.65,28,28,533.6760608,52466406.32,620027.9521,35.4,35397904,10574504264,35397904,10589071768,87892912,TRUE
TBD,TBD,cs3sedarknet_x.c2ns_in1k,256,81.926,36,32,677.7923696,47212367.43,484579.4722,35.4,35397904,8355506504,35397904,8367016728,69451312,TRUE
TBD,TBD,cspdarknet53.ra_in1k,256,80.106,34,34,880.9493512,38594813.12,374944.0723,27.64,27642184,6533653480,27642184,6550594536,99098528,TRUE
TBD,TBD,cspresnet50.ra_in1k,256,79.588,48,48,1303.583995,36821607.72,252081.5412,21.62,21616168,4517241832,21616168,4529005544,74489760,TRUE
TBD,TBD,cspresnext50.ra_in1k,256,80.552,38,38,1005.698691,37784765.24,330552.0168,20.57,20569896,4014949352,20569896,4031202280,98906016,TRUE
TBD,TBD,darknet53.c2ns_in1k,288,80.542,36,36,667.0173761,53971745.97,490495.0814,41.61,41609928,11751203816,41609928,11767046120,103688096,TRUE
TBD,TBD,darknet53.c2ns_in1k,256,80.002,46,46,875.4433797,52544914.73,377708.6556,41.61,41609928,9285116904,41609928,9297634280,81928096,TRUE
TBD,TBD,darknetaa53.c2ns_in1k,288,80.528,34,32,717.610373,44592516.92,456594.5258,36.02,36022984,10052510696,36022984,10078638056,107544992,TRUE
TBD,TBD,darknetaa53.c2ns_in1k,256,79.746,44,44,932.8316249,47168263.37,352412.1703,36.02,36022984,7942939624,36022984,7963583464,84975520,TRUE
TBD,TBD,davit_base.msft_in1k,224,84.65,22,22,316.1308423,69591785.69,1047445.767,87.95,87954408,551675112,87954408,15281774568,115063736,TRUE
TBD,TBD,davit_small.msft_in1k,224,84.266,30,22,458.4866031,47984410.75,707356.0113,49.75,49745896,333429928,49745896,8628996328,86298552,TRUE
TBD,TBD,davit_tiny.msft_in1k,224,82.698,50,20,702.3207423,29354129.77,484228.2185,28.36,28360168,283428520,28360168,4433780968,54236088,TRUE
TBD,TBD,deit_base_distilled_patch16_224.fb_in1k,224,83.388,44,40,377.4762957,105970471.7,881065.6966,87.34,87338192,202350032,87338192,12086270480,63257016,TRUE
TBD,TBD,deit_base_distilled_patch16_384.fb_in1k,384,85.428,14,15,112.3812739,133477108.3,2950988.76,87.63,87630032,426774992,87630032,39361490960,184662456,TRUE
TBD,TBD,deit_base_patch16_224.fb_in1k,224,81.98,46,44,379.8260484,115845943.8,877949.5106,86.57,86567656,201581032,86567656,12021392632,62940368,TRUE
TBD,TBD,deit_base_patch16_384.fb_in1k,384,83.116,14,15,112.5742603,133247687.7,2952763.694,86.86,86859496,426005992,86859496,39282495352,184345808,TRUE
TBD,TBD,deit_small_distilled_patch16_224.fb_in1k,224,81.216,96,80,1195.733017,66906287.6,277713.7341,22.44,22436432,79942352,22436432,3240292592,31630008,TRUE
TBD,TBD,deit_small_patch16_224.fb_in1k,224,79.862,96,88,1208.135546,72841051.4,274267.8803,22.05,22050664,79557352,22050664,3222008944,31471184,TRUE
TBD,TBD,deit_tiny_distilled_patch16_224.fb_in1k,224,74.54,192,192,3040.641035,63144901.49,108856.3825,5.91,5910800,34663760,5910800,919436384,15816504,TRUE
TBD,TBD,deit_tiny_patch16_224.fb_in1k,224,72.196,194,176,3054.059901,57628514.55,108458.0102,5.72,5717416,34470760,5717416,913833004,15736592,TRUE
TBD,TBD,deit3_base_patch16_224.fb_in1k,224,83.794,40,8,297.6222492,28283370.54,1183807.351,86.59,86585320,201581032,86585320,12021392632,62940368,TRUE
TBD,TBD,deit3_base_patch16_224.fb_in22k_ft_in1k,224,85.728,40,20,277.291423,74888967.63,1255099.557,86.59,86585320,201581032,86585320,12021392632,62940368,TRUE
TBD,TBD,deit3_base_patch16_384.fb_in1k,384,85.086,14,14,85.61446054,167859932.9,4022706.44,86.88,86877160,426005992,86877160,39282495352,184345808,TRUE
TBD,TBD,deit3_base_patch16_384.fb_in22k_ft_in1k,384,86.744,14,12,95.51663587,129505819.3,3613286.63,86.88,86877160,426005992,86877160,39282495352,184345808,TRUE
TBD,TBD,deit3_huge_patch14_224.fb_in1k,224,85.222,2,2,34.3423001,58239530.32,9670495.269,632.13,632126440,823965160,632126440,1.14E+11,360540880,TRUE
TBD,TBD,deit3_huge_patch14_224.fb_in22k_ft_in1k,224,87.18,2,3,29.1907018,106190400.6,11906236.01,632.13,632126440,823965160,632126440,1.14E+11,360540880,TRUE
TBD,TBD,deit3_large_patch16_224.fb_in1k,224,84.778,12,6,81.0463025,76822227.4,4320216.938,304.37,304374760,457677800,304374760,41816812904,166224848,TRUE
TBD,TBD,deit3_large_patch16_224.fb_in22k_ft_in1k,224,86.986,12,11,84.68536364,133402544.1,4091747.035,304.37,304374760,457677800,304374760,41816812904,166224848,TRUE
TBD,TBD,deit3_large_patch16_384.fb_in1k,384,85.818,4,4,24.47279536,167335016.6,14107099.72,304.76,304763880,756911080,304763880,1.33E+11,486859728,TRUE
TBD,TBD,deit3_large_patch16_384.fb_in22k_ft_in1k,384,87.734,4,3,23.85432888,129902020.5,14582348.6,304.76,304763880,756911080,304763880,1.33E+11,486859728,TRUE
TBD,TBD,deit3_medium_patch16_224.fb_in1k,224,83.086,62,40,558.8855007,74829987.74,629449.4622,38.85,38849512,115513320,38849512,5535428424,41960912,TRUE
TBD,TBD,deit3_medium_patch16_224.fb_in22k_ft_in1k,224,84.566,62,44,685.3286008,65905078.19,499950.7533,38.85,38849512,115513320,38849512,5535428424,41960912,TRUE
TBD,TBD,deit3_small_patch16_224.fb_in1k,224,81.374,86,80,860.6276873,97369650.77,410013.624,22.06,22059496,79557352,22059496,3222008944,31471184,TRUE
TBD,TBD,deit3_small_patch16_224.fb_in22k_ft_in1k,224,83.082,86,85,886.6931634,100309882.7,397001.7095,22.06,22059496,79557352,22059496,3222008944,31471184,TRUE
TBD,TBD,deit3_small_patch16_384.fb_in1k,384,83.428,28,24,252.8798622,98311519.34,1377249.782,22.21,22205416,191769832,22205416,11473365424,92173904,TRUE
TBD,TBD,deit3_small_patch16_384.fb_in22k_ft_in1k,384,84.842,28,12,285.1298612,43487992.16,1206114.294,22.21,22205416,191769832,22205416,11473365424,92173904,TRUE
TBD,TBD,densenet121.ra_in1k,288,76.48,26,22,553.8219182,41902685.11,630721.4301,7.98,7978856,4684375016,7978856,4741316072,94292688,TRUE
TBD,TBD,densenet121.ra_in1k,224,75.576,42,42,919.8541492,48240438.42,381740.3992,7.98,7978856,2834162664,7978856,2868608488,57043664,TRUE
TBD,TBD,densenet121.tv_in1k,224,74.748,42,40,911.4667069,46315964.41,384801.2957,7.98,7978856,2834162664,7978856,2868608488,57043664,TRUE
TBD,TBD,densenet161.tv_in1k,224,77.35,22,22,522.66905,42091822.81,631156.0532,28.68,28681000,7727908072,28681000,7791581416,104359664,TRUE
TBD,TBD,densenet169.tv_in1k,224,75.922,34,34,942.6019655,36070461.7,346715.9076,14.15,14149480,3359844328,14149480,3401114088,67714896,TRUE
TBD,TBD,densenet201.tv_in1k,224,77.284,26,26,678.9029865,38297143.53,483499.1254,20.01,20013928,4291366888,20013928,4344126952,85566032,TRUE
TBD,TBD,densenetblur121d.ra_in1k,288,77.31,22,22,653.0175281,33689806,503713.3114,8,7998088,5080515560,7998088,5140110824,101259984,TRUE
TBD,TBD,densenetblur121d.ra_in1k,224,76.572,38,38,1075.419357,35335124.92,306914.7472,8,7998088,3073803240,7998088,3109854696,61258448,TRUE
TBD,TBD,dla102.in1k,224,78.018,40,40,771.3665783,51856144.43,417253.2319,33.27,33268888,7164618856,33268888,7224863720,58863544,TRUE
TBD,TBD,dla102x.in1k,224,78.5,30,30,641.5183675,46764104.96,508675.4318,26.31,26309272,5848025704,26309272,5929219048,74593720,TRUE
TBD,TBD,dla102x2.in1k,224,79.448,20,16,422.7350027,37848921.98,779083.7024,41.28,41282200,9284128360,41282200,9407218664,106054072,TRUE
TBD,TBD,dla169.in1k,224,78.706,26,22,495.3531415,44414234.59,659381.6961,53.39,53389720,11557670248,53389720,11643161576,87062456,TRUE
TBD,TBD,dla34.in1k,224,74.632,122,104,1641.150958,66124916.61,208117.5336,15.74,15742104,3060060264,15742104,3081520104,19962552,TRUE
TBD,TBD,dla46_c.in1k,224,64.88,140,80,2791.543281,29927481.71,122740.4478,1.3,1301400,574278504,1301400,593663464,17527992,TRUE
TBD,TBD,dla46x_c.in1k,224,66.008,114,104,2462.141258,44057055.15,138243.6931,1.07,1068440,532735592,1068440,556759016,21008952,TRUE
TBD,TBD,dla60.in1k,224,77.046,56,52,917.7451728,58899605.5,367672.3229,22.04,22036632,4235920488,22036632,4278930408,39897016,TRUE
TBD,TBD,dla60_res2net.in1k,224,78.48,42,32,735.3152895,45578713.38,463706.4496,20.85,20848072,4122731320,20848072,4175768552,46600216,TRUE
TBD,TBD,dla60_res2next.in1k,224,78.488,40,28,710.7429822,41051530.66,478424.7336,17.03,17032984,3458805736,17032984,3515352040,49116856,TRUE
TBD,TBD,dla60x.in1k,224,78.23,42,28,758.8207149,38472423.82,452324.2384,17.35,17352344,3516612200,17352344,3574158312,50810296,TRUE
TBD,TBD,dla60x_c.in1k,224,67.928,102,96,2174.745026,45806331.67,153947.8943,1.32,1319832,581309544,1319832,606834664,22489144,TRUE
TBD,TBD,dm_nfnet_f0.dm_in1k,256,83.47,28,30,397.6829151,76436090.3,831423.6278,71.49,71489284,12402244712,71489284,45119336,53972512,TRUE
TBD,TBD,dm_nfnet_f0.dm_in1k,192,81.438,56,56,725.2839676,77213142.33,456344.2524,71.49,71489284,6987164776,71489284,36288360,30389792,TRUE
TBD,TBD,dm_nfnet_f1.dm_in1k,320,84.696,10,10,137.3731346,72794625.07,2393781.706,132.63,132634256,35585734888,132634256,96894696,143738016,TRUE
TBD,TBD,dm_nfnet_f1.dm_in1k,224,83.444,20,20,275.3544526,72633974.72,1177121.578,132.63,132634256,17460860392,132634256,71344104,70493856,TRUE
TBD,TBD,dm_nfnet_f2.dm_in1k,352,85.176,4,4,59.77929956,66913669.38,5383871.137,193.78,193779228,62672036712,193779228,151734376,245814560,TRUE
TBD,TBD,dm_nfnet_f2.dm_in1k,256,84.092,8,8,115.3941332,69328685.2,2737119.084,193.78,193779228,33181166952,193779228,112598632,130100000,TRUE
TBD,TBD,dm_nfnet_f3.dm_in1k,416,85.672,2,5,38.22292647,130812873.2,8502351.214,254.92,254924200,1.15E+11,254924200,237918440,443683744,TRUE
TBD,TBD,dm_nfnet_f3.dm_in1k,320,85.096,4,4,47.27518284,88122444.01,7045557.057,254.92,254924200,68028223976,254924200,177737192,262627744,TRUE
TBD,TBD,dm_nfnet_f4.dm_in1k,512,85.86,1,1,14.47312722,72428917.46,22749342.71,316.07,316069172,2.16E+11,316069172,383173992,824068128,TRUE
TBD,TBD,dm_nfnet_f4.dm_in1k,384,85.496,2,1,19.36728057,54085575.72,16171704.12,316.07,316069172,1.21E+11,316069172,264701288,463661088,TRUE
TBD,TBD,dm_nfnet_f5.dm_in1k,544,86.1,0,,,,,377.21,377214144,2.90E+11,377214144,493580776,1101955232,TRUE
TBD,TBD,dm_nfnet_f5.dm_in1k,416,85.716,2,3,25.57816537,117289299.6,12858402.45,377.21,377214144,1.70E+11,377214144,344373736,644534432,TRUE
TBD,TBD,dm_nfnet_f6.dm_in1k,576,86.372,1,1,10.86021006,92516321.8,29092831,438.36,438359116,3.78E+11,438359116,619095144,1427852576,TRUE
TBD,TBD,dm_nfnet_f6.dm_in1k,448,86.154,2,2,17.16660947,117043516.4,18815515.92,438.36,438359116,2.29E+11,438359116,436184168,863915296,TRUE
TBD,TBD,dpn107.mx_in1k,224,80.168,14,5,111.1359044,47777852.23,2968337.834,86.92,86917800,18298765288,86917800,18384396904,20697600,TRUE
TBD,TBD,dpn131.mx_in1k,224,79.834,4,4,112.2349367,37447801.07,2940270.13,79.25,79254504,16013649896,79254504,16094771944,19367936,TRUE
TBD,TBD,dpn68.mx_in1k,224,76.338,18,16,486.303904,34654160.18,674742.8859,12.61,12611602,2326164456,12611602,2350932584,5964672,TRUE
TBD,TBD,dpn68b.mx_in1k,224,77.542,4,6,445.216046,14424649.47,721640.1509,12.61,12611602,2326164456,12611602,2350932584,6115200,TRUE
TBD,TBD,dpn68b.ra_in1k,288,79.344,4,30,493.2894166,64080254.76,708033.979,12.61,12611602,3844748264,12611602,3885691496,10108800,TRUE
TBD,TBD,dpn68b.ra_in1k,224,78.544,48,48,828.4703683,61123531.38,425736.3562,12.61,12611602,2326164456,12611602,2350932584,6115200,TRUE
TBD,TBD,dpn92.mx_in1k,224,80.028,26,22,359.9255111,64965073.39,965674.2918,37.67,37668392,6501685224,37668392,6545125096,11941888,TRUE
TBD,TBD,dpn98.mx_in1k,224,79.656,18,16,245.1759464,69035222.13,1426672.822,61.57,61570728,11671218152,61570728,11731366632,16658432,TRUE
TBD,TBD,eca_botnext26ts_256.c1_in1k,256,79.272,38,64,1170.557879,54690594.23,282299.4925,10.59,10593301,2375110504,10593301,2386284392,75306144,TRUE
TBD,TBD,eca_halonext26ts.c1_in1k,256,79.518,36,36,832.3787147,46039273.4,420844.8267,10.76,10756885,2391887720,10756885,2402799464,75256992,TRUE
TBD,TBD,eca_nfnet_l0.ra2_in1k,288,82.596,34,34,390.6293658,91528544.76,885121.3811,24.14,24143924,7031739368,24143924,22266344,57191840,TRUE
TBD,TBD,eca_nfnet_l0.ra2_in1k,224,81.764,56,56,647.0980388,90476892.8,536625.7252,24.14,24143924,4254708712,24143924,14410216,34614688,TRUE
TBD,TBD,eca_nfnet_l1.ra2_in1k,320,84.05,12,9,187.8973137,51352700.39,1831727.833,41.41,41407728,14764785640,41407728,40996840,119039904,TRUE
TBD,TBD,eca_nfnet_l1.ra2_in1k,256,83.264,24,8,116.3366056,69624444.27,2491628.931,41.41,41407728,9450623464,41407728,27398632,76213152,TRUE
TBD,TBD,eca_nfnet_l2.ra3_in1k,384,84.706,14,1,75.09436168,13354568.19,3744722.189,56.72,56722348,29849979112,56722348,76400872,240902560,TRUE
TBD,TBD,eca_nfnet_l2.ra3_in1k,320,84.156,20,18,185.0809964,97255586.1,1794075.96,56.72,56722348,20730160360,56722348,54064360,167326112,TRUE
TBD,TBD,eca_resnet33ts.ra2_in1k,288,80.716,60,60,855.7392876,70114871.5,386065.2254,19.68,19676302,5989352040,19676302,6001700328,109365280,TRUE
TBD,TBD,eca_resnet33ts.ra2_in1k,256,80.092,76,56,1108.066854,50538517.12,298149.1478,19.68,19676302,4732598888,19676302,4742355560,86415008,TRUE
TBD,TBD,eca_resnext26ts.ch_in1k,288,78.016,66,66,713.7610994,92467951.88,438117.0113,10.3,10297988,3043946600,10297988,3057756776,94945440,TRUE
TBD,TBD,eca_resnext26ts.ch_in1k,256,77.442,84,84,918.6379308,91439757.25,342154.6726,10.3,10297988,2405525608,10297988,2416437352,75021984,TRUE
TBD,TBD,ecaresnet101d.miil_in1k,288,82.998,32,32,393.2182643,81379982.86,840339.3176,44.57,44568563,13291285224,44568563,13406471912,126521296,TRUE
TBD,TBD,ecaresnet101d.miil_in1k,224,82.186,56,56,659.9281088,84857935.53,494521.7683,44.57,44568563,8041327336,44568563,8110966504,76566480,TRUE
TBD,TBD,ecaresnet101d_pruned.miil_in1k,288,82.006,74,74,839.5708817,88140554.45,387366.7706,24.88,24876040,5719956049,24876040,5771284099,52112193,TRUE
TBD,TBD,ecaresnet101d_pruned.miil_in1k,224,80.814,124,120,1415.484004,84776975.77,227104.4271,24.88,24876040,3461081009,24876040,3491301475,31538273,TRUE
TBD,TBD,ecaresnet269d.ra2_in1k,352,84.972,8,8,104.8235364,76319011.08,3133838.934,102.09,102093077,50051037928,102093077,50459420392,464873424,TRUE
TBD,TBD,ecaresnet269d.ra2_in1k,320,84.72,10,9,125.6202907,71644842.89,2606015.832,102.09,102093077,41364970216,102093077,41702432488,384222672,TRUE
TBD,TBD,ecaresnet26t.ra2_in1k,320,79.9,64,64,918.2904156,69694810.49,356590.7335,16.01,16011916,5202612952,16011916,5271599592,70935504,TRUE
TBD,TBD,ecaresnet26t.ra2_in1k,256,78.886,100,99,1459.254217,67842930.58,225767.7765,16.01,16011916,3330437848,16011916,3374578152,45407184,TRUE
TBD,TBD,ecaresnet50d.miil_in1k,288,81.64,50,40,672.9423222,59440505.7,488981.2268,25.58,25576350,7154617064,25576350,7236014824,87005136,TRUE
TBD,TBD,ecaresnet50d.miil_in1k,224,80.618,82,82,1122.00812,73083314.19,290294.8772,25.58,25576350,4328966888,25576350,4378186472,52647888,TRUE
TBD,TBD,ecaresnet50d_pruned.miil_in1k,288,80.808,94,80,1115.468534,71718876.85,292631.5611,19.94,19939713,4164183209,19939713,4207177821,43810295,TRUE
TBD,TBD,ecaresnet50d_pruned.miil_in1k,224,79.722,158,153,1844.142023,82966270.2,177799.0461,19.94,19939713,2519917801,19939713,2545110813,26514967,TRUE
TBD,TBD,ecaresnet50t.a1_in1k,288,82.112,50,51,684.3703044,74522200.15,480977.0603,25.57,25573814,7102362328,25573814,7183096552,86507472,TRUE
TBD,TBD,ecaresnet50t.a1_in1k,224,81.284,84,82,1128.439086,72666858.31,289037.6433,25.57,25573814,4297355992,25573814,4346174184,52346832,TRUE
TBD,TBD,ecaresnet50t.a2_in1k,288,81.682,50,51,685.1493391,74436386.9,480372.3669,25.57,25573814,7102362328,25573814,7183096552,86507472,TRUE
TBD,TBD,ecaresnet50t.a2_in1k,224,80.884,84,82,1128.56226,72658930.73,288225.4657,25.57,25573814,4297355992,25573814,4346174184,52346832,TRUE
TBD,TBD,ecaresnet50t.a3_in1k,224,79.548,84,82,1128.159388,72684888.6,288742.2807,25.57,25573814,4297355992,25573814,4346174184,52346832,TRUE
TBD,TBD,ecaresnet50t.a3_in1k,160,77.78,166,165,2206.876213,74766440.76,148732.6279,25.57,25573814,2193601240,25573814,2218482408,26726352,TRUE
TBD,TBD,ecaresnet50t.ra2_in1k,320,82.37,40,40,561.3668849,71254670.79,586832.301,25.57,25573814,8767834840,25573814,8867519208,106790352,TRUE
TBD,TBD,ecaresnet50t.ra2_in1k,256,81.446,64,64,901.9397019,70958203.86,366495.2541,25.57,25573814,5612202712,25573814,5675981544,68359632,TRUE
TBD,TBD,ecaresnetlight.miil_in1k,288,81.416,72,72,855.9113508,84120950.19,379183.2652,30.16,30162046,6758500968,30162046,6816665320,60800976,TRUE
TBD,TBD,ecaresnetlight.miil_in1k,224,80.456,120,120,1436.126994,83558169.2,229454.4857,30.16,30162046,4089350760,30162046,4124511976,36798416,TRUE
TBD,TBD,edgenext_base.in21k_ft_in1k,320,84.076,48,48,560.2058792,85683097.17,572196.969,18.51,18511292,369250736,18511292,6010346200,90489488,TRUE
TBD,TBD,edgenext_base.in21k_ft_in1k,256,83.416,76,76,876.1310799,86745599.26,366220.175,18.51,18511292,242567456,18511292,3846832168,57936056,TRUE
TBD,TBD,edgenext_base.usi_in1k,320,83.97,48,48,560.1845723,85686578.29,571477.5776,18.51,18511292,369250736,18511292,6010346200,90489488,TRUE
TBD,TBD,edgenext_base.usi_in1k,256,83.684,76,76,876.8747312,86672138.83,366015.2375,18.51,18511292,242567456,18511292,3846832168,57936056,TRUE
TBD,TBD,edgenext_small.usi_in1k,320,81.572,84,84,991.4319528,84726834.77,315778.6022,5.59,5586832,153200552,5586832,1982101000,52768632,TRUE
TBD,TBD,edgenext_small.usi_in1k,256,81.064,132,132,1553.197688,84986523.4,201293.0094,5.59,5586832,99911624,5586832,1268654440,33779496,TRUE
TBD,TBD,edgenext_small_rw.sw_in1k,320,80.452,80,48,801.8472094,59862580.98,385722.1738,7.83,7826512,146002456,7826512,2471108200,55713080,TRUE
TBD,TBD,edgenext_small_rw.sw_in1k,256,79.59,128,112,1293.498226,86589698.84,239306.5237,7.83,7826512,96198040,7826512,1581647848,35667128,TRUE
TBD,TBD,edgenext_x_small.in1k,288,75.706,158,157,1987.363096,78999417.29,163695.996,2.34,2336804,66474516,2336804,686285032,27954956,TRUE
TBD,TBD,edgenext_x_small.in1k,256,74.88,200,201,2518.550864,79808102.54,129187.872,2.34,2336804,52972164,2336804,542290408,22091452,TRUE
TBD,TBD,edgenext_xx_small.in1k,288,71.886,274,272,2757.91632,98625641.11,113099.9326,1.33,1327216,40638652,1327216,331846180,15480694,TRUE
TBD,TBD,edgenext_xx_small.in1k,256,71.116,348,256,3476.703912,73633855.11,88938.2533,1.33,1327216,32361624,1327216,262234920,12234544,TRUE
TBD,TBD,efficientformer_l1.snap_dist_in1k,224,80.502,138,128,2262.851485,56565860.52,145087.7471,12.29,12289928,1161381376,12289928,1314627984,28569272,TRUE
TBD,TBD,efficientformer_l3.snap_dist_in1k,224,82.564,62,63,963.2772724,65402018.14,334260.9186,31.41,31406000,3250882320,31406000,3949965008,60929720,TRUE
TBD,TBD,efficientformer_l7.snap_dist_in1k,224,83.386,30,30,412.8944574,72658810.51,759154.8989,82.23,82229328,7549479920,82229328,10207110608,124114104,TRUE
TBD,TBD,efficientformerv2_l.snap_dist_in1k,224,83.64,44,4,378.1806748,10578355.96,620027.9176,26.32,26322288,2527219168,26322288,2551601808,97956344,TRUE
TBD,TBD,efficientformerv2_s0.snap_dist_in1k,224,76.116,164,8,1213.126714,6594565.073,180897.8047,3.6,3600256,382402416,3600256,389537872,26986888,TRUE
TBD,TBD,efficientformerv2_s1.snap_dist_in1k,224,79.684,110,8,1042.114601,7676730.902,228839.7687,6.19,6185560,640838208,6185560,650632960,40614424,TRUE
TBD,TBD,efficientformerv2_s2.snap_dist_in1k,224,82.15,72,8,592.0997316,13511309.81,390251.4311,12.71,12710112,1227303888,12710112,1242877744,61599032,TRUE
TBD,TBD,efficientnet_b0.ra_in1k,224,77.696,110,110,2418.958282,45474128.41,136944.8313,5.29,5288548,385825092,5288548,392108448,32764360,TRUE
TBD,TBD,efficientnet_b0.ra4_e3600_r224_in1k,256,79.37,84,80,1909.344967,41899196.16,172666.6166,5.29,5288548,503347812,5288548,511554528,42786760,TRUE
TBD,TBD,efficientnet_b0.ra4_e3600_r224_in1k,224,78.572,110,110,2419.408227,45465677.63,136465.4168,5.29,5288548,385825092,5288548,392108448,32764360,TRUE
TBD,TBD,efficientnet_b1.ft_in1k,256,78.798,60,56,1323.683878,42306206.72,249705.0974,7.79,7794184,743318840,7794184,754442104,60540272,TRUE
TBD,TBD,efficientnet_b1.ft_in1k,224,77.594,78,76,1675.359805,45363419.57,198084.3374,7.79,7794184,569666840,7794184,578183224,46359152,TRUE
TBD,TBD,efficientnet_b1.ra4_e3600_r240_in1k,288,81.434,46,44,1009.477691,43586959.23,328241.9245,7.79,7794184,940124440,7794184,954202168,76612208,TRUE
TBD,TBD,efficientnet_b1.ra4_e3600_r240_in1k,240,80.404,68,68,1466.403411,46371989.57,225805.8716,7.79,7794184,686817992,7794184,696748376,53956368,TRUE
TBD,TBD,efficientnet_b1_pruned.in1k,240,78.252,116,112,2393.326186,46796823.7,138127.4638,6.33,6331916,391218805,6331916,378440505,31169790,TRUE
TBD,TBD,efficientnet_b2.ra_in1k,288,80.61,44,44,950.3784211,46297381.2,348701.4178,9.11,9109994,1087545866,9109994,1102327372,80344980,TRUE
TBD,TBD,efficientnet_b2.ra_in1k,256,79.34,58,56,1246.133095,44939043.39,266151.5666,9.11,9109994,859870170,9109994,871549516,63490228,TRUE
TBD,TBD,efficientnet_b2_pruned.in1k,260,79.908,78,78,1515.896416,51454721.88,218491.6148,8.31,8309737,715762735,8309737,701344627,45777674,TRUE
TBD,TBD,efficientnet_b3.ra2_in1k,320,82.298,26,26,584.6619178,44470159.25,565480.6608,12.23,12233232,1961197528,12233232,1985254344,131534768,TRUE
TBD,TBD,efficientnet_b3.ra2_in1k,288,81.474,34,34,710.8692953,47828777.7,465808.4269,12.23,12233232,1589219176,12233232,1608705352,106552048,TRUE
TBD,TBD,efficientnet_b3_pruned.in1k,300,80.872,60,60,1202.211197,49908136.78,274625.5382,9.86,9855020,1020271895,9855020,997464045,60490898,TRUE
TBD,TBD,efficientnet_b4.ra2_in1k,384,83.474,14,14,295.8098899,47327731.83,1117476.977,19.34,19341616,4409579192,19341616,4455254864,249330608,TRUE
TBD,TBD,efficientnet_b4.ra2_in1k,320,82.654,20,20,427.9465281,46734862.07,771831.753,19.34,19341616,3063717048,19341616,3095436624,173166256,TRUE
TBD,TBD,efficientnet_b5.sw_in12k_ft_in1k,448,85.892,4,7,154.0297578,45445800.53,2146481.337,30.39,30389784,9404415400,30389784,9489107848,470219088,TRUE
TBD,TBD,efficientnet_el.ra_in1k,300,81.306,38,32,565.4023167,56596915.58,584718.5291,10.59,10589712,7936083848,10589712,7991114312,168712480,TRUE
TBD,TBD,efficientnet_el_pruned.in1k,300,80.294,38,32,566.120962,56525086.43,583227.4021,10.59,10589712,7936083848,10589712,7991114312,168712480,TRUE
TBD,TBD,efficientnet_em.ra2_in1k,240,79.264,84,82,1320.324376,62106085.36,245903.6087,6.9,6899496,3013322088,6899496,3039006056,78885040,TRUE
TBD,TBD,efficientnet_es.ra_in1k,224,78.092,138,136,2207.410516,61610755.79,149594.0308,5.44,5438392,1788732008,5438392,1804549992,47368848,TRUE
TBD,TBD,efficientnet_es_pruned.in1k,224,75,138,136,2215.476848,61386398.69,149739.3879,5.44,5438392,1788732008,5438392,1804549992,47368848,TRUE
TBD,TBD,efficientnet_lite0.ra_in1k,224,75.49,124,123,2740.359004,44884661.73,120338.9065,4.65,4652008,385188552,4652008,391471528,32745680,TRUE
TBD,TBD,efficientnetv2_rw_m.agc_in1k,416,84.824,8,7,152.0587433,46034970.69,2175472.451,53.24,53236442,21332375850,53236442,21400296500,428032692,TRUE
TBD,TBD,efficientnetv2_rw_m.agc_in1k,320,84.294,14,14,259.0585396,54041979.74,1280141.272,53.24,53236442,12627489306,53236442,12667680236,253335180,TRUE
TBD,TBD,efficientnetv2_rw_s.ra2_in1k,384,83.83,20,20,355.8544147,56202927.34,911251.5481,23.94,23941296,8640319704,23941296,8672844488,205143472,TRUE
TBD,TBD,efficientnetv2_rw_s.ra2_in1k,288,82.888,34,34,614.2312547,55353962.9,533510.01,23.94,23941296,4862738904,23941296,4881034760,115428448,TRUE
TBD,TBD,efficientnetv2_rw_t.ra2_in1k,288,82.354,46,46,801.1470852,57417869.53,405467.0998,13.65,13649388,3159981284,13649388,3174647952,89386200,TRUE
TBD,TBD,efficientnetv2_rw_t.ra2_in1k,224,81.372,76,76,1331.724361,57069087.84,243815.6394,13.65,13649388,1912908004,13649388,1921780880,54096600,TRUE
TBD,TBD,efficientvit_b0.r224_in1k,224,71.404,336,320,6956.654334,45999144.27,47147.69665,3.41,3410008,98172376,3410008,102468328,15039904,TRUE
TBD,TBD,efficientvit_b1.r224_in1k,224,79.24,140,136,2623.33068,51843851.81,126038.9699,9.1,9102024,512082120,9102024,522077224,36593312,TRUE
TBD,TBD,efficientvit_b1.r256_in1k,256,79.744,106,104,2063.45214,50405081.42,158338.3454,9.1,9102024,667594440,9102024,680653864,47790752,TRUE
TBD,TBD,efficientvit_b1.r288_in1k,288,80.31,46,44,1180.190792,39296824.37,292621.0887,9.1,9102024,843841736,9102024,860374056,60481184,TRUE
TBD,TBD,efficientvit_b2.r224_in1k,224,82.162,38,32,868.1064975,38808574.37,395601.7104,24.33,24330712,1552870552,24330712,1572824040,72349856,TRUE
TBD,TBD,efficientvit_b2.r256_in1k,256,82.712,30,30,685.2643735,46621401.06,509932.9846,24.33,24330712,2025639832,24330712,2051710440,94491296,TRUE
TBD,TBD,efficientvit_b2.r288_in1k,288,83.084,22,22,552.417798,41224054.89,610709.4925,24.33,24330712,2561445016,24330712,2594448360,119584928,TRUE
TBD,TBD,efficientvit_b3.r224_in1k,224,83.444,20,16,427.3211766,39754117.4,820408.5837,48.65,48646056,3889299624,48646056,3925074920,131030688,TRUE
TBD,TBD,efficientvit_b3.r256_in1k,256,83.814,16,16,352.9148368,48449134.61,995300.2029,48.65,48646056,5077295784,48646056,5124038120,171135648,TRUE
TBD,TBD,efficientvit_b3.r288_in1k,288,84.156,12,12,251.316903,50892802.26,1408558.387,48.65,48646056,6423691432,48646056,6482863080,216587936,TRUE
TBD,TBD,efficientvit_l1.r224_in1k,224,84.448,38,38,719.8216565,55818479.03,490942.6491,52.65,52654088,5246373032,52654088,5272636648,82013600,TRUE
TBD,TBD,efficientvit_l2.r224_in1k,224,85.044,30,30,552.967693,57136920.69,634338.6984,63.71,63707016,6932544552,63707016,6965223656,100980128,TRUE
TBD,TBD,efficientvit_l2.r256_in1k,256,85.368,22,16,456.4328911,37642559.58,789588.6233,63.71,63707016,9050749992,63707016,9093443816,131884448,TRUE
TBD,TBD,efficientvit_l2.r288_in1k,288,85.614,18,16,329.8491975,51331064.35,1078675.639,63.71,63707016,11451382824,63707016,11505426664,166909344,TRUE
TBD,TBD,efficientvit_l2.r384_in1k,384,85.982,10,9,187.9122715,51080614.13,1901665.986,63.71,63707016,20347845672,63707016,20443951336,296707488,TRUE
TBD,TBD,efficientvit_l3.r224_in1k,224,85.812,12,12,181.5813696,70017502.44,1944678.399,246.04,246037288,27551888488,246037288,27617246696,201805728,TRUE
TBD,TBD,efficientvit_l3.r256_in1k,256,85.954,10,8,159.8504305,53478557.35,2249570.245,246.04,246037288,35972117608,246037288,36057505256,263568288,TRUE
TBD,TBD,efficientvit_l3.r320_in1k,320,86.23,4,12,139.3092688,86140314.41,2331968.592,246.04,246037288,56180667496,246037288,56314125800,411798432,TRUE
TBD,TBD,efficientvit_l3.r384_in1k,384,86.398,8,7,92.033354,76060728.92,3590948.648,246.04,246037288,80880006248,246037288,81072217576,592968608,TRUE
TBD,TBD,efficientvit_m0.r224_in1k,224,63.294,1280,1152,18217.91625,63236254.97,18003.84302,2.35,2349436,76878232,2349436,79483176,3551416,TRUE
TBD,TBD,efficientvit_m1.r224_in1k,224,68.352,668,660,10384.35963,65139957.99,32088.6641,2.98,2980560,164445592,2980560,168584632,5454840,TRUE
TBD,TBD,efficientvit_m2.r224_in1k,224,70.8,608,603,9129.980869,67635960.13,36926.86131,4.19,4187554,197885928,4187554,202358280,5959544,TRUE
TBD,TBD,efficientvit_m3.r224_in1k,224,73.408,556,544,7983.036278,69479027.6,41490.7893,6.9,6900722,259194904,6900722,264080728,6596792,TRUE
TBD,TBD,efficientvit_m4.r224_in1k,224,74.346,526,512,7469.071165,70262746.19,44119.97863,8.8,8804228,295644488,8804228,300726504,6902840,TRUE
TBD,TBD,efficientvit_m5.r224_in1k,224,77.082,376,376,4833.356019,79224259.96,67391.34814,12.47,12473772,516480008,12473772,523815608,9927240,TRUE
TBD,TBD,ese_vovnet19b_dw.ra_in1k,288,77.798,60,60,1218.364377,50510776.06,274353.1231,6.54,6543080,2202391176,6543080,2225262984,64103008,TRUE
TBD,TBD,ese_vovnet19b_dw.ra_in1k,224,76.798,100,99,2047.926233,49264898.41,163342.9656,6.54,6543080,1333493384,6543080,1347329416,38783584,TRUE
TBD,TBD,ese_vovnet39b.ra_in1k,288,80.378,56,52,539.8592928,98000760.66,593769.2058,24.57,24568936,11692125672,24568936,11719030632,73304608,TRUE
TBD,TBD,ese_vovnet39b.ra_in1k,224,79.316,92,64,899.2215132,72578875.21,361276.365,24.57,24568936,7074196968,24568936,7090472808,44349984,TRUE
TBD,TBD,eva_giant_patch14_224.clip_ft_in1k,224,88.886,2,3,18.72481252,161693262.7,17800120.83,"1,012.56",1012555112,985658088,1012555112,1.99E+11,428142032,TRUE
TBD,TBD,eva_giant_patch14_336.clip_ft_in1k,336,89.462,1,1,7.525916372,134577011.3,44381548.62,"1,013.01",1013005672,1251037928,1013005672,4.46E+11,961236432,TRUE
TBD,TBD,eva_giant_patch14_336.m30m_ft_in22k_in1k,336,89.57,1,1,7.599668863,133123492.4,43888828.36,"1,013.01",1013005672,1251037928,1013005672,4.46E+11,961236432,TRUE
TBD,TBD,eva_giant_patch14_560.m30m_ft_in22k_in1k,560,89.796,,,,,,"1,014.45",1014447464,2100253416,1014447464,1.24E+12,2667138512,
TBD,TBD,eva_large_patch14_196.in22k_ft_in1k,196,87.956,2,3,62.66973041,51052262.23,5676409.304,304.14,304142312,421551080,304142312,41780485480,166224848,TRUE
TBD,TBD,eva_large_patch14_196.in22k_ft_in22k_in1k,196,88.596,2,3,61.5557795,51941793.06,5756243.716,304.14,304142312,421551080,304142312,41780485480,166224848,TRUE
TBD,TBD,eva_large_patch14_336.in22k_ft_in1k,336,88.69,1,1,18.09713129,58539652.87,19429385.98,304.53,304531432,650742760,304531432,1.33E+11,486859728,TRUE
TBD,TBD,eva_large_patch14_336.in22k_ft_in22k_in1k,336,89.25,1,1,18.26097904,58361128.72,19387166.43,304.53,304531432,650742760,304531432,1.33E+11,486859728,TRUE
TBD,TBD,eva02_base_patch14_448.mim_in22k_ft_in1k,448,88.266,2,2,29.17654168,72603215.63,12063145.41,87.12,87117544,549085672,87117544,87635356648,271585232,TRUE
TBD,TBD,eva02_base_patch14_448.mim_in22k_ft_in22k_in1k,448,88.682,2,2,28.83342541,73027192.34,12135283.31,87.12,87117544,549085672,87117544,87635356648,271585232,TRUE
TBD,TBD,eva02_large_patch14_448.mim_in22k_ft_in1k,448,89.632,,,,,,305.08,305080232,921037736,305080232,3.10E+11,718894976,
TBD,TBD,eva02_large_patch14_448.mim_in22k_ft_in22k_in1k,448,89.966,2,2,11.42517287,176703460.7,29639937.27,305.08,305080232,921037736,305080232,3.10E+11,718894976,TRUE
TBD,TBD,eva02_large_patch14_448.mim_m38m_ft_in1k,448,89.554,2,2,11.80132475,170386621,28551459.21,305.08,305080232,921037736,305080232,3.10E+11,718894976,TRUE
TBD,TBD,eva02_large_patch14_448.mim_m38m_ft_in22k_in1k,448,90.054,2,2,10.69972132,188357470.8,31560548.35,305.08,305080232,921037736,305080232,3.10E+11,718894976,TRUE
TBD,TBD,eva02_small_patch14_336.mim_in22k_ft_in1k,336,85.76,32,20,221.6490801,92023870.3,1531697.918,22.13,22129000,146640616,22129000,9346118632,68466128,TRUE
TBD,TBD,eva02_tiny_patch14_336.mim_in22k_ft_in1k,336,80.672,66,66,492.7972768,135983398.6,691516.6232,5.76,5756584,69339496,5756584,2375842792,34234064,TRUE
TBD,TBD,fastvit_ma36.apple_dist_in1k,256,84.606,22,22,277.4013751,80522736.25,1216403.179,44.07,44068004,7259154300,44068004,7876802956,221187332,TRUE
TBD,TBD,fastvit_ma36.apple_in1k,256,83.884,22,22,262.7678919,86190901.89,1289180.522,44.07,44068004,7259154300,44068004,7876802956,221187332,TRUE
TBD,TBD,fastvit_s12.apple_dist_in1k,256,81.074,66,64,942.6300028,69128188.75,354256.5591,9.47,9473576,1806622120,9473576,1826400424,81307744,TRUE
TBD,TBD,fastvit_s12.apple_in1k,256,79.92,66,40,882.3866607,46434225.45,378271.6329,9.47,9473576,1806622120,9473576,1826400424,81307744,TRUE
TBD,TBD,fastvit_sa12.apple_dist_in1k,256,81.842,34,34,809.194545,43806728.98,415058.2708,11.58,11580968,1809701288,11580968,1961535656,80619616,TRUE
TBD,TBD,fastvit_sa12.apple_in1k,256,80.84,32,32,788.9183086,42229768.17,424941.9339,11.58,11580968,1809701288,11580968,1961535656,80619616,TRUE
TBD,TBD,fastvit_sa24.apple_dist_in1k,256,83.362,20,14,442.4730634,33214399.78,768381.958,21.55,21554216,3501458344,21554216,3800279208,133441632,TRUE
TBD,TBD,fastvit_sa24.apple_in1k,256,82.706,20,34,499.1820617,69900066.72,678772.6261,21.55,21554216,3501458344,21554216,3800279208,133441632,TRUE
TBD,TBD,fastvit_sa36.apple_dist_in1k,256,84.032,26,24,340.732221,72002866.56,984857.065,31.53,31527464,5193215400,31527464,5639022760,186263648,TRUE
TBD,TBD,fastvit_sa36.apple_in1k,256,83.504,26,22,336.8739635,66988838.75,997607.4321,31.53,31527464,5193215400,31527464,5639022760,186263648,TRUE
TBD,TBD,fastvit_t12.apple_dist_in1k,256,80.364,72,72,974.3625963,75453431,342436.365,7.55,7553704,1402723752,7553704,1420011688,77572192,TRUE
TBD,TBD,fastvit_t12.apple_in1k,256,79.276,72,56,976.6686973,58530719.74,342649.0775,7.55,7553704,1402723752,7553704,1420011688,77572192,TRUE
TBD,TBD,fastvit_t8.apple_dist_in1k,256,77.172,106,104,1440.230251,73651079.33,231918.0483,4.03,4026232,693502264,4026232,705486712,54247984,TRUE
TBD,TBD,fastvit_t8.apple_in1k,256,76.184,106,96,1433.017782,68747751.38,234846.7751,4.03,4026232,693502264,4026232,705486712,54247984,TRUE
TBD,TBD,fbnetc_100.rmsp_in1k,224,75.114,142,136,2970.754612,47058009.6,114234.9001,5.57,5572200,384961160,5572200,396743112,31752112,TRUE
TBD,TBD,fbnetv3_b.ra2_in1k,256,79.154,66,66,1831.613102,36034714.7,180303.8418,8.6,8598464,530641776,8598464,528828808,46294432,TRUE
TBD,TBD,fbnetv3_b.ra2_in1k,224,78.16,86,85,2315.041569,36716486.25,143165.4446,8.6,8598464,407518416,8598464,405665128,35451592,TRUE
TBD,TBD,fbnetv3_d.ra2_in1k,256,79.664,52,52,1549.530032,33558611.09,211522.2749,10.31,10306272,653874128,10306272,652073448,56162944,TRUE
TBD,TBD,fbnetv3_d.ra2_in1k,224,78.656,68,68,1966.836426,34573343.36,167802.9552,10.31,10306272,501983168,10306272,500139288,43008304,TRUE
TBD,TBD,fbnetv3_g.ra2_in1k,288,82.04,28,28,723.1025235,38722107.08,457575.933,16.62,16623888,1722812112,16623888,1721107048,107884904,TRUE
TBD,TBD,fbnetv3_g.ra2_in1k,240,81.252,38,38,1044.574915,36378570.22,317438.5868,16.62,16623888,1253603376,16623888,1251839560,76068848,TRUE
TBD,TBD,flexivit_base.1200ep_in1k,240,84.688,52,48,332.0535481,144558677,1003859.754,86.59,86589160,218708200,86589160,13912760104,72205520,TRUE
TBD,TBD,flexivit_base.300ep_in1k,240,84.402,52,32,309.8181524,104782431.2,1095120.836,86.59,86589160,218708200,86589160,13912760104,72205520,TRUE
TBD,TBD,flexivit_base.600ep_in1k,240,84.56,52,36,268.6206112,135449230.4,1260401.579,86.59,86589160,218708200,86589160,13912760104,72205520,TRUE
TBD,TBD,flexivit_large.1200ep_in1k,240,85.644,16,16,76.00711308,211976766,4457687.968,304.36,304355304,480514024,304355304,48297211368,190694352,TRUE
TBD,TBD,flexivit_large.300ep_in1k,240,85.282,16,16,75.88510026,212378770.9,4468117.064,304.36,304355304,480514024,304355304,48297211368,190694352,TRUE
TBD,TBD,flexivit_large.600ep_in1k,240,85.53,16,16,75.42628714,213769579,4486424.088,304.36,304355304,480514024,304355304,48297211368,190694352,TRUE
TBD,TBD,flexivit_small.1200ep_in1k,240,82.592,108,48,838.658229,58676527.75,409204.4946,22.06,22061416,88120936,22061416,3757175176,36103760,TRUE
TBD,TBD,flexivit_small.300ep_in1k,240,82.17,108,96,835.7148075,116995396.8,409332.523,22.06,22061416,88120936,22061416,3757175176,36103760,TRUE
TBD,TBD,flexivit_small.600ep_in1k,240,82.392,108,96,853.5833311,113893872.5,397855.6847,22.06,22061416,88120936,22061416,3757175176,36103760,TRUE
TBD,TBD,focalnet_base_lrf.ms_in1k,224,83.828,22,22,277.4886814,81103357.7,1235504.865,88.75,88749768,15425578512,88749768,15469201680,140458440,TRUE
TBD,TBD,focalnet_base_srf.ms_in1k,224,83.808,26,10,306.6627916,33583378.33,1125302.151,88.15,88148144,15270021446,88148144,15307422790,131114238,TRUE
TBD,TBD,focalnet_small_lrf.ms_in1k,224,83.508,32,28,400.314477,71743393.67,852439.01,50.34,50342440,8736860752,50342440,8769578128,105356296,TRUE
TBD,TBD,focalnet_small_srf.ms_in1k,224,83.43,34,12,394.9309973,30641606.61,786026.8541,49.89,49891216,8620190086,49891216,8648241094,98345278,TRUE
TBD,TBD,focalnet_tiny_lrf.ms_in1k,224,82.174,52,44,877.9035186,50119518.74,378783.3245,28.65,28647928,4488330640,28647928,4508412880,65602888,TRUE
TBD,TBD,focalnet_tiny_srf.ms_in1k,224,82.144,58,56,977.685573,57278204.05,337691.298,28.43,28427116,4416820726,28427116,4434042934,61303726,TRUE
TBD,TBD,gc_efficientnetv2_rw_t.agc_in1k,288,82.48,34,34,769.8148809,44166514.02,429579.6082,13.68,13677713,3164294854,13677713,3178965252,89420490,TRUE
TBD,TBD,gc_efficientnetv2_rw_t.agc_in1k,224,81.268,38,68,1310.499004,51888683.03,249414.7097,13.68,13677713,1915518342,13677713,1924392580,54128522,TRUE
TBD,TBD,gcresnet33ts.ra2_in1k,288,80.588,60,60,845.7272896,70945008.07,391195.9539,19.88,19880698,5991154198,19880698,6003517876,109381886,TRUE
TBD,TBD,gcresnet33ts.ra2_in1k,256,80.078,76,56,1093.542726,51209745.5,300787.7693,19.88,19880698,4734062712,19880698,4743831544,86428384,TRUE
TBD,TBD,gcresnet50t.ra2_in1k,288,81.458,66,66,777.3886348,84899716.94,422655.602,25.9,25897080,6818190267,25897080,6850644294,143579147,TRUE
TBD,TBD,gcresnet50t.ra2_in1k,256,80.95,82,82,1025.896682,79930118.75,320601.3624,25.9,25897080,5387709168,25897080,5413351856,113449792,TRUE
TBD,TBD,gcresnext26ts.ch_in1k,288,78.438,66,66,707.92217,93230607.24,446628.3136,10.48,10476600,3045371906,10476600,3059195852,94960170,TRUE
TBD,TBD,gcresnext26ts.ch_in1k,256,77.816,84,84,910.7426137,92232487.15,346599.6664,10.48,10476600,2406686904,10476600,2417609528,75033824,TRUE
TBD,TBD,gcresnext50ts.ch_in1k,288,81.234,42,40,452.5459702,88388837.2,705671.5882,15.67,15667320,4704113595,15667320,4724167494,148887563,TRUE
TBD,TBD,gcresnext50ts.ch_in1k,256,80.608,54,52,582.6522218,89247109.77,541388.2326,15.67,15667320,3717327600,15667320,3733172656,117644096,TRUE
TBD,TBD,gcvit_base.in1k,224,84.454,24,24,235.0578174,102102765.7,1396090.786,90.32,90320836,1936910952,90320836,13891346568,153847808,TRUE
TBD,TBD,gcvit_small.in1k,224,83.908,34,28,326.1103629,85860674.13,999947.4847,51.09,51092173,1103656120,51092173,7835878240,115386856,TRUE
TBD,TBD,gcvit_tiny.in1k,224,83.4,52,52,493.0966521,105456206.8,654702.0904,28.22,28221974,508361768,28221974,4302722616,85255120,TRUE
TBD,TBD,gcvit_xtiny.in1k,224,81.968,72,72,710.9648433,101271235.8,449539.9627,19.98,19981294,499590376,19981294,2703061560,59301584,TRUE
TBD,TBD,gcvit_xxtiny.in1k,224,79.75,94,88,977.8457569,89994265.58,326035.2634,12,11995428,488572648,11995428,1952930360,44620400,TRUE
TBD,TBD,gernet_l.idstcv_in1k,256,81.374,156,144,1530.884002,94063442.03,213315.1981,31.08,31078280,4557042664,31078280,4571509736,55039904,TRUE
TBD,TBD,gernet_m.idstcv_in1k,224,80.726,240,176,2240.889595,78540402.03,146138.3251,21.14,21142920,3004509544,21142920,3013829736,36373024,TRUE
TBD,TBD,gernet_s.idstcv_in1k,224,76.902,466,416,5764.349791,72167833.12,56994.25618,8.17,8173761,744138504,8173761,749025960,18509376,TRUE
TBD,TBD,ghostnet_100.in1k,224,73.96,242,240,4896.507355,49014569.11,67714.00483,5.18,5182508,141177764,5182508,151840388,17928264,TRUE
TBD,TBD,ghostnetv2_100.in1k,224,75.176,162,156,3253.281073,47951661.17,100955.6699,6.16,6156908,167115956,6156908,180109952,20610056,TRUE
TBD,TBD,ghostnetv2_130.in1k,224,76.762,124,96,2349.71276,41202105.01,140953.2062,8.96,8960404,269410204,8960404,286627240,26700288,TRUE
TBD,TBD,ghostnetv2_160.in1k,224,77.836,90,98,2015.187669,48630808.46,164006.7873,12.39,12392698,398714176,12392698,420088220,32725652,TRUE
TBD,TBD,gmixer_24_224.ra3_in1k,224,78.048,82,82,877.0807367,93493666.83,378739.0235,24.72,24721096,82303816,24721096,5283957736,47159120,TRUE
TBD,TBD,gmlp_s16_224.ra3_in1k,224,79.644,68,64,873.7964822,73244985.02,380265.2036,19.42,19422656,57811136,19422656,4431299560,54443216,TRUE
TBD,TBD,halo2botnet50ts_256.a1h_in1k,256,82.084,44,8,550.7224401,14526992.01,602388.0043,22.64,22635360,4781589480,22635360,4794532840,116871072,TRUE
TBD,TBD,halonet26t.a1h_in1k,256,79.134,62,56,996.9438331,59947474.71,356914.4604,12.48,12480288,3129033704,12480288,3148497896,75493280,TRUE
TBD,TBD,halonet50ts.a1h_in1k,256,81.65,26,24,497.7838994,50880776.27,712404.5033,22.73,22733280,5108745192,22733280,5124572136,119003040,TRUE
TBD,TBD,haloregnetz_b.ra3_in1k,224,81.052,36,36,771.9106561,49848140.07,465841.4355,11.68,11680072,1864728768,11680072,1873807728,63754128,TRUE
TBD,TBD,hardcorenas_a.miil_green_in1k,224,75.926,118,96,3243.204062,31503786.87,110424.8523,5.26,5260232,224235240,5260232,227578736,21674128,TRUE
TBD,TBD,hardcorenas_b.miil_green_in1k,224,76.552,108,104,2980.839713,37009832.32,119501.9871,5.18,5176544,251837440,5176544,256083320,25499328,TRUE
TBD,TBD,hardcorenas_c.miil_green_in1k,224,77.094,104,104,2787.973851,40089823.86,129618.9599,5.52,5521224,270064976,5521224,273784488,25034464,TRUE
TBD,TBD,hardcorenas_d.miil_green_in1k,224,77.45,100,96,2732.260346,37274649.2,128335.693,7.5,7500208,287798584,7500208,291269024,24566576,TRUE
TBD,TBD,hardcorenas_e.miil_green_in1k,224,77.79,88,88,2293.344174,41036715.11,155321.3037,8.07,8070992,338701600,8070992,343238600,28005376,TRUE
TBD,TBD,hardcorenas_f.miil_green_in1k,224,78.108,88,88,2485.305572,36857382.11,139661.6389,8.2,8199688,341918000,8199688,345828008,27535904,TRUE
TBD,TBD,hgnet_base.ssld_in1k,288,85.472,14,13,151.9632485,90450725.56,2284881.987,71.58,71578184,41500104808,71578184,41612192424,154462520,TRUE
TBD,TBD,hgnet_base.ssld_in1k,224,84.912,28,22,260.7105736,88174470.67,1314182.425,71.58,71578184,25109618792,71578184,25177408168,93452600,TRUE
TBD,TBD,hgnet_small.paddle_in1k,288,82.214,32,32,395.4213388,85401186.13,852732.2875,24.36,24360872,14060902888,24360872,14125893352,89960184,TRUE
TBD,TBD,hgnet_small.paddle_in1k,224,81.426,44,44,674.6841532,68689004.58,505410.0971,24.36,24360872,8508635624,24360872,8547944168,54429432,TRUE
TBD,TBD,hgnet_small.ssld_in1k,288,84.378,26,20,351.3442524,60699608.51,948582.8861,24.36,24360872,14060902888,24360872,14125893352,89960184,TRUE
TBD,TBD,hgnet_small.ssld_in1k,224,83.81,32,32,581.5297272,58711677.68,576115.1473,24.36,24360872,8508635624,24360872,8547944168,54429432,TRUE
TBD,TBD,hgnet_tiny.paddle_in1k,288,80.648,28,20,572.9165288,37043262,580555.3864,14.74,14735864,7485868872,14735864,7533177480,66619320,TRUE
TBD,TBD,hgnet_tiny.paddle_in1k,224,79.888,46,44,932.4396777,50434365.69,361645.4786,14.74,14735864,4530465608,14735864,4559080072,40308664,TRUE
TBD,TBD,hgnet_tiny.ssld_in1k,288,82.524,28,20,557.28573,38447549.86,606086.87,14.74,14735864,7485868872,14735864,7533177480,66619320,TRUE
TBD,TBD,hgnet_tiny.ssld_in1k,224,81.94,46,44,962.4699249,48427199.63,348414.9794,14.74,14735864,4530465608,14735864,4559080072,40308664,TRUE
TBD,TBD,hgnetv2_b0.ssld_stage1_in22k_in1k,288,78.034,70,68,2165.902092,33649744.13,160442.0906,6,5996550,528478583,5996550,542600840,22423608,TRUE
TBD,TBD,hgnetv2_b0.ssld_stage1_in22k_in1k,224,76.844,116,112,3670.892195,32514651.66,93043.42148,6,5996550,321339767,5996550,329881224,13572152,TRUE
TBD,TBD,hgnetv2_b0.ssld_stage2_ft_in1k,288,78.598,70,64,2163.003079,31751324.39,160335.1345,6,5996550,528478583,5996550,542600840,22423608,TRUE
TBD,TBD,hgnetv2_b0.ssld_stage2_ft_in1k,224,77.342,116,112,3654.902098,32681854.84,93110.30613,6,5996550,321339767,5996550,329881224,13572152,TRUE
TBD,TBD,hgnetv2_b1.ssld_stage1_in22k_in1k,288,79.048,52,64,1703.044646,40331868.83,204649.9426,6.34,6343158,806296143,6343158,824620248,27861624,TRUE
TBD,TBD,hgnetv2_b1.ssld_stage1_in22k_in1k,224,78.078,112,112,2896.443155,41299106.24,119561.6389,6.34,6343158,489402959,6343158,500486360,16861816,TRUE
TBD,TBD,hgnetv2_b1.ssld_stage2_ft_in1k,288,79.904,68,56,1717.38643,35066316.56,204326.364,6.34,6343158,806296143,6343158,824620248,27861624,TRUE
TBD,TBD,hgnetv2_b1.ssld_stage2_ft_in1k,224,78.896,112,112,2928.639206,40596257.08,118512.3267,6.34,6343158,489402959,6343158,500486360,16861816,TRUE
TBD,TBD,hgnetv2_b2.ssld_stage1_in22k_in1k,288,81.46,46,44,1058.056918,44546149.55,327790.7458,11.22,11221356,1877329754,11221356,1903987480,42528696,TRUE
TBD,TBD,hgnetv2_b2.ssld_stage1_in22k_in1k,224,80.746,76,76,1821.53945,44468427.04,189330.5517,11.22,11221356,1137731418,11221356,1153851160,25735096,TRUE
TBD,TBD,hgnetv2_b2.ssld_stage2_ft_in1k,288,82.36,46,46,1059.920139,46453195.59,329622.4797,11.22,11221356,1877329754,11221356,1903987480,42528696,TRUE
TBD,TBD,hgnetv2_b2.ssld_stage2_ft_in1k,224,81.566,76,76,1791.365184,45409732.78,195172.9035,11.22,11221356,1137731418,11221356,1153851160,25735096,TRUE
TBD,TBD,hgnetv2_b3.ssld_stage1_in22k_in1k,288,83.114,36,36,839.6725581,45472407.07,408861.5635,16.29,16292216,2923397696,16292216,2955936536,52918968,TRUE
TBD,TBD,hgnetv2_b3.ssld_stage1_in22k_in1k,224,82.61,62,52,1367.223089,40754147.63,256412.638,16.29,16292216,1770955328,16292216,1790629656,32021176,TRUE
TBD,TBD,hgnetv2_b3.ssld_stage2_ft_in1k,288,83.58,36,24,849.1391988,29998955.76,405422.0915,16.29,16292216,2923397696,16292216,2955936536,52918968,TRUE
TBD,TBD,hgnetv2_b3.ssld_stage2_ft_in1k,224,82.91,62,56,1365.306335,43971410.78,255518.0402,16.29,16292216,1770955328,16292216,1790629656,32021176,TRUE
TBD,TBD,hgnetv2_b4.ssld_stage1_in22k_in1k,288,83.448,32,32,704.3974266,48294100.66,484956.4408,19.8,19796680,4515684712,19796680,4558170408,67307704,TRUE
TBD,TBD,hgnetv2_b4.ssld_stage1_in22k_in1k,224,82.886,54,52,1174.161284,47346138.94,295687.2986,19.8,19796680,2734195048,19796680,2759883048,40724664,TRUE
TBD,TBD,hgnetv2_b4.ssld_stage2_ft_in1k,288,83.934,32,32,704.4890578,48274588.9,488468.6512,19.8,19796680,4515684712,19796680,4558170408,67307704,TRUE
TBD,TBD,hgnetv2_b4.ssld_stage2_ft_in1k,224,83.694,54,52,1168.756596,47580079.16,299247.9712,19.8,19796680,2734195048,19796680,2759883048,40724664,TRUE
TBD,TBD,hgnetv2_b5.ssld_stage1_in22k_in1k,288,84.924,20,20,358.796193,59481704.38,971015.1149,39.57,39569064,10804401864,39569064,10873174056,110749624,TRUE
TBD,TBD,hgnetv2_b5.ssld_stage1_in22k_in1k,224,84.456,32,16,511.7617649,33541381,694294.0641,39.57,39569064,6538499784,39569064,6580070440,67004344,TRUE
TBD,TBD,hgnetv2_b5.ssld_stage2_ft_in1k,288,85.15,20,20,445.850473,45366636.73,730380.7498,39.57,39569064,10804401864,39569064,10873174056,110749624,TRUE
TBD,TBD,hgnetv2_b5.ssld_stage2_ft_in1k,224,84.81,32,32,763.7355029,42271667.82,428120.4714,39.57,39569064,6538499784,39569064,6580070440,67004344,TRUE
TBD,TBD,hgnetv2_b6.ssld_stage1_in22k_in1k,288,86.298,10,8,180.4664366,44829088.58,1738361.486,75.26,75256776,27834577912,75256776,27964914248,204766648,TRUE
TBD,TBD,hgnetv2_b6.ssld_stage1_in22k_in1k,224,86.052,16,16,329.405571,48830084.68,980854.9312,75.26,75256776,16840733688,75256776,16919519816,123878840,TRUE
TBD,TBD,hgnetv2_b6.ssld_stage2_ft_in1k,288,86.384,10,8,182.0425783,44501924.75,1744620.222,75.26,75256776,27834577912,75256776,27964914248,204766648,TRUE
TBD,TBD,hgnetv2_b6.ssld_stage2_ft_in1k,224,86.206,16,16,324.8978171,49837096.55,992692.271,75.26,75256776,16840733688,75256776,16919519816,123878840,TRUE
TBD,TBD,hiera_base_224.mae_in1k_ft_in1k,224,84.526,20,20,388.0524142,52102584.71,848792.4787,51.52,51524968,95765992,51524968,8846170600,78091704,TRUE
TBD,TBD,hiera_base_plus_224.mae_in1k_ft_in1k,224,85.134,16,16,299.4238863,54014829.47,1108133.469,69.9,69896616,121511144,69896616,12023304936,91106488,TRUE
TBD,TBD,hiera_huge_224.mae_in1k_ft_in1k,224,86.834,1,1,33.204996,30416969.76,9996117.863,672.78,672779752,790755816,672779752,1.22E+11,373117880,TRUE
TBD,TBD,hiera_large_224.mae_in1k_ft_in1k,224,86.044,1,1,41.96836347,24326240.5,7804516.838,213.74,213739912,280101448,213739912,38616044392,209880120,TRUE
TBD,TBD,hiera_small_224.mae_in1k_ft_in1k,224,83.886,8,8,367.3551553,23137811.79,939684.4478,35.01,35008072,79249096,35008072,6056924392,51260088,TRUE
TBD,TBD,hiera_small_abswin_256.sbb2_e200_in12k_ft_in1k,256,84.9,4,28,531.7098497,52660517.74,617097.9332,34.36,34361800,92500360,34361800,7682984936,65574072,TRUE
TBD,TBD,hiera_small_abswin_256.sbb2_pd_e200_in12k_ft_in1k,256,84.554,28,28,531.4781924,52683512.46,614836.5814,34.36,34361800,92500360,34361800,7682984936,65574072,TRUE
TBD,TBD,hiera_tiny_224.mae_in1k_ft_in1k,224,82.824,48,44,858.9047838,51229059.68,377362.5605,27.91,27910216,72151240,27910216,4664540392,41927352,TRUE
TBD,TBD,hrnet_w18.ms_aug_in1k,224,78.116,40,36,736.5116756,48879166.37,445438.2184,21.3,21299004,4284040872,21299004,4348341356,29412544,TRUE
TBD,TBD,hrnet_w18.ms_in1k,224,76.76,40,36,736.1384783,48903943.81,445878.5755,21.3,21299004,4284040872,21299004,4348341356,29412544,TRUE
TBD,TBD,hrnet_w18_small.gluon_in1k,224,73.932,124,123,2582.331818,47631579.48,123601.8483,13.19,13187464,1601984968,13187464,1623353160,9157120,TRUE
TBD,TBD,hrnet_w18_small.ms_in1k,224,72.334,124,123,2583.520869,47609619.23,123976.4339,13.19,13187464,1601984968,13187464,1623353160,9157120,TRUE
TBD,TBD,hrnet_w18_small_v2.gluon_in1k,224,78.184,74,74,1356.729612,54543194.69,239166.3376,15.6,15597464,2596198676,15597464,2633336848,18254656,TRUE
TBD,TBD,hrnet_w18_small_v2.ms_in1k,224,75.098,74,74,1356.146494,54566710.75,239561.2241,15.6,15597464,2596198676,15597464,2633336848,18254656,TRUE
TBD,TBD,hrnet_w18_ssld.paddle_in1k,288,82.048,24,22,448.8728592,49011735.23,725989.7684,21.3,21295164,7079663784,21295164,7185989868,48620736,TRUE
TBD,TBD,hrnet_w18_ssld.paddle_in1k,224,81.132,18,16,370.9139375,44182269.41,804083.5516,21.3,21295164,4283589288,21295164,4347889772,29412544,TRUE
TBD,TBD,hrnet_w30.ms_in1k,224,78.214,12,13,288.1081619,46272356.14,1047764.293,37.71,37712220,8106305544,37712220,8191543460,32027968,TRUE
TBD,TBD,hrnet_w32.ms_in1k,224,78.456,12,9,272.749449,34102788.79,1105992.938,41.23,41232680,8921660264,41232680,9010387752,32463872,TRUE
TBD,TBD,hrnet_w40.ms_in1k,224,78.924,10,10,169.4639563,59171084.93,1762395.38,57.56,57557160,12692538024,57557160,12795223800,34207488,TRUE
TBD,TBD,hrnet_w44.ms_in1k,224,78.882,8,8,165.5079212,49324866.27,1796888.854,67.06,67064984,14883652232,67064984,14993317152,35079296,TRUE
TBD,TBD,hrnet_w48.ms_in1k,224,79.324,4,8,137.3329531,58657677.43,2056817.548,77.47,77469864,17278549992,77469864,17395194056,35951104,TRUE
TBD,TBD,hrnet_w48_ssld.paddle_in1k,288,84.484,4,5,79.34874636,63522490.76,3664589.532,77.47,77466024,28560350184,77466024,28753236168,59429376,TRUE
TBD,TBD,hrnet_w48_ssld.paddle_in1k,224,83.678,8,8,136.2249852,59097738.6,2080123.764,77.47,77466024,17278098408,77466024,17394742472,35951104,TRUE
TBD,TBD,hrnet_w64.ms_in1k,224,79.458,4,5,103.6172662,49034279.08,2731564.685,128.06,128059944,28895976552,128059944,29040537192,39438336,TRUE
TBD,TBD,inception_next_base.sail_in1k,224,84.098,8,5,225.5044869,23363740.79,1456056.417,86.67,86672136,14866804200,86672136,14920106216,108392248,TRUE
TBD,TBD,inception_next_base.sail_in1k_384,384,85.2,2,2,68.97370847,29640439.18,4590170.539,86.67,86672136,43678051560,86672136,43834762216,318504888,TRUE
TBD,TBD,inception_next_small.sail_in1k,224,83.584,12,9,337.6409893,27766219.38,960003.1495,49.37,49374016,8374981480,49374016,8414957992,81294936,TRUE
TBD,TBD,inception_next_tiny.sail_in1k,224,82.508,20,20,624.2149733,32764277.91,509873.0077,28.06,28055680,4200638056,28055680,4225726120,50982360,TRUE
TBD,TBD,inception_resnet_v2.tf_ens_adv_in1k,299,79.992,10,9,188.0658855,48704079.07,1626842.216,55.84,55843464,13167334856,55843464,13223968136,107641360,TRUE
TBD,TBD,inception_resnet_v2.tf_in1k,299,80.446,10,8,182.5444308,45125612.13,1658312.071,55.84,55843464,13167334856,55843464,13223968136,107641360,TRUE
TBD,TBD,inception_v3.gluon_in1k,299,78.804,18,42,891.2612893,47128016.23,352821.3783,23.83,23834568,5713217096,23834568,5738693064,47896912,TRUE
TBD,TBD,inception_v3.tf_adv_in1k,299,77.596,48,48,979.0799303,49244999.53,331007.9448,23.83,23834568,5713217096,23834568,5738693064,47896912,TRUE
TBD,TBD,inception_v3.tf_in1k,299,77.866,48,44,1022.821333,43018354.61,322797.563,23.83,23834568,5713217096,23834568,5738693064,47896912,TRUE
TBD,TBD,inception_v3.tv_in1k,299,77.474,48,44,1022.646249,43025726.42,322402.8366,23.83,23834568,5713217096,23834568,5738693064,47896912,TRUE
TBD,TBD,inception_v4.tf_in1k,299,80.144,28,28,498.0044797,56224494.45,662586.3432,42.68,42679816,12253975624,42679816,12299081096,91316112,TRUE
TBD,TBD,lambda_resnet26rpt_256.c1_in1k,256,78.954,32,32,1046.61768,30574863.33,315174.6633,10.99,10988688,2920892392,10988688,2940815336,74658720,TRUE
TBD,TBD,lambda_resnet26t.c1_in1k,256,79.126,52,48,1379.034412,34806996.49,240078.5936,10.96,10958272,2996127720,10958272,3016050664,75576224,TRUE
TBD,TBD,lambda_resnet50ts.a1h_in1k,256,81.186,24,24,743.6032132,32275320.05,445261.9762,21.54,21536832,5025122600,21536832,5041395688,117703584,TRUE
TBD,TBD,lamhalobotnet50ts_256.a1h_in1k,256,81.548,26,16,684.2314443,23383954.87,484361.2813,22.57,22569824,4888544616,22569824,4901913576,114347936,TRUE
TBD,TBD,lcnet_050.ra2_in1k,224,63.13,322,320,13806.84961,23176924.28,23948.00069,1.88,1880856,44733768,1880856,43478048,7121296,TRUE
TBD,TBD,lcnet_075.ra2_in1k,224,68.784,208,208,8922.289102,23312405.02,37089.28528,2.36,2358288,94789496,2358288,93546416,11180144,TRUE
TBD,TBD,lcnet_100.ra2_in1k,224,72.128,166,167,6994.708335,23875199.39,47095.49063,2.95,2953800,155703720,2953800,154473280,14235472,TRUE
TBD,TBD,levit_128.fb_dist_in1k,224,78.486,226,176,6228.088681,28259181.74,53097.38691,9.21,9213936,60481200,9213936,367794384,7758856,TRUE
TBD,TBD,levit_128s.fb_dist_in1k,224,76.522,308,306,9102.616116,33616866.29,36394.81104,7.78,7777058,58232752,7777058,282872272,5816776,TRUE
TBD,TBD,levit_192.fb_dist_in1k,224,79.85,178,176,4974.096765,35383534.98,66719.4432,10.95,10947069,119852128,10947069,601862032,10510600,TRUE
TBD,TBD,levit_256.fb_dist_in1k,224,81.506,134,132,3510.554771,37601078.85,94241.01256,18.89,18893876,207323280,18893876,1054291152,13953928,TRUE
TBD,TBD,levit_384.fb_dist_in1k,224,82.598,90,88,1927.327337,45659527.39,169657.1877,39.13,39128836,451383408,39128836,2242428624,20524040,TRUE
TBD,TBD,levit_conv_128.fb_dist_in1k,224,78.488,228,227,6260.149149,36261259.35,52784.41422,9.21,9213936,364441008,9213936,367869648,7758856,TRUE
TBD,TBD,levit_conv_128s.fb_dist_in1k,224,76.534,310,306,8819.200044,34697177.47,37537.61348,7.78,7777058,280332976,7777058,282947536,5816776,TRUE
TBD,TBD,levit_conv_192.fb_dist_in1k,224,79.86,178,176,5156.26936,34133341.69,64245.62299,10.95,10947069,597275680,10947069,601965520,10510600,TRUE
TBD,TBD,levit_conv_256.fb_dist_in1k,224,81.506,134,132,3628.962086,36374116.36,90605.87295,18.89,18893876,1048208784,18893876,1054429136,13953928,TRUE
TBD,TBD,levit_conv_384.fb_dist_in1k,224,82.6,90,88,2078.619685,42335884.23,159169.9859,39.13,39128836,2233460592,39128836,2242629328,20524040,TRUE
TBD,TBD,maxvit_base_tf_224.in1k,224,84.87,4,6,132.5564906,45263899.57,2503667.091,119.47,119467708,6912838008,119467708,23446213384,324288104,TRUE
TBD,TBD,maxvit_base_tf_384.in1k,384,86.294,2,2,40.44600883,49449044.7,8191010.497,119.65,119653468,19970318968,119653468,68886941704,952850664,TRUE
TBD,TBD,maxvit_base_tf_384.in21k_ft_in1k,384,87.928,2,2,40.467277,49422935.21,8181357.501,119.65,119653468,19970318968,119653468,68886941704,952850664,TRUE
TBD,TBD,maxvit_base_tf_512.in1k,512,86.598,1,1,22.37407909,44694957.94,14812367.46,119.88,119876380,35364401784,119876380,1.22E+11,1693892840,TRUE
TBD,TBD,maxvit_base_tf_512.in21k_ft_in1k,512,88.212,1,1,22.36834565,44706362.7,14809491.96,119.88,119876380,35364401784,119876380,1.22E+11,1693892840,TRUE
TBD,TBD,maxvit_large_tf_224.in1k,224,84.934,4,4,88.48122016,45207837.15,3738246.319,211.79,211785560,13517455528,211785560,42871688552,437869048,TRUE
TBD,TBD,maxvit_large_tf_384.in1k,384,86.236,1,1,25.95360669,38530642.87,12742996.91,212.03,212033240,39112699048,212033240,1.26E+11,1286588408,TRUE
TBD,TBD,maxvit_large_tf_384.in21k_ft_in1k,384,87.996,1,,,,,212.03,212033240,39112699048,212033240,1.26E+11,1286588408,
TBD,TBD,maxvit_large_tf_512.in1k,512,86.534,,,,,,212.33,212330456,69288144040,212330456,2.24E+11,2287183864,
TBD,TBD,maxvit_large_tf_512.in21k_ft_in1k,512,88.236,0,,,,,212.33,212330456,69288144040,212330456,2.24E+11,2287183864,
TBD,TBD,maxvit_nano_rw_256.sw_in1k,256,82.942,4,6,236.1776922,26963883.57,1364578.285,15.45,15451148,1428229000,15451148,4256901160,106299136,TRUE
TBD,TBD,maxvit_rmlp_base_rw_224.sw_in12k_ft_in1k,224,86.908,2,2,47.30319005,43826464.46,6505277.285,116.14,116135788,5999335164,116135788,22632900172,321296840,TRUE
TBD,TBD,maxvit_rmlp_base_rw_384.sw_in12k_ft_in1k,384,87.812,,,,,,116.14,116135788,17282870564,116135788,66511611372,954360740,
TBD,TBD,maxvit_rmlp_nano_rw_256.sw_in1k,256,82.98,4,5,279.0319901,20051597.28,1218010.907,15.5,15501452,1429321060,15501452,4276507660,113227436,TRUE
TBD,TBD,maxvit_rmlp_pico_rw_256.sw_in1k,256,80.55,8,7,277.3273724,26673510.55,1101009.336,7.52,7515980,554758124,7515980,1697621356,87435108,TRUE
TBD,TBD,maxvit_rmlp_small_rw_224.sw_in1k,224,84.484,2,3,104.7940796,30597399.08,3165584.238,64.9,64895044,2856473460,64895044,10482668228,172026224,TRUE
TBD,TBD,maxvit_rmlp_tiny_rw_256.sw_in1k,256,84.234,4,10,280.2927611,36254652.94,1191735.707,29.15,29148896,1997852656,29148896,6467066608,163680040,TRUE
TBD,TBD,maxvit_small_tf_224.in1k,224,84.456,8,7,183.2627521,40269799.75,1903565.657,68.93,68927956,3771567192,68927956,11329429192,184786952,TRUE
TBD,TBD,maxvit_small_tf_384.in1k,384,85.534,2,1,53.26819179,19555408.36,6432499.667,69.02,69018676,10909803352,69018676,33284187592,542959752,TRUE
TBD,TBD,maxvit_small_tf_512.in1k,512,86.104,1,1,30.27466122,34943631.83,11614138.47,69.13,69127540,19325408088,69127540,59167692232,965226632,TRUE
TBD,TBD,maxvit_tiny_rw_224.sw_in1k,224,83.522,16,16,330.8729033,50671572.63,1030927.855,29.06,29057312,1537449496,29057312,4927219528,116948272,TRUE
TBD,TBD,maxvit_tiny_tf_224.in1k,224,83.422,14,10,291.2381046,36174950.95,1178377.621,30.92,30916528,2017335688,30916528,5372082984,125935256,TRUE
TBD,TBD,maxvit_tiny_tf_384.in1k,384,85.102,4,4,88.79125519,47422218.64,3876021.311,30.98,30977008,5850702728,30977008,15782356264,370035096,TRUE
TBD,TBD,maxvit_tiny_tf_512.in1k,512,85.66,2,2,49.98506797,42144912.57,6933872.639,31.05,31049584,10370040712,31049584,28055520552,657815960,TRUE
TBD,TBD,maxvit_xlarge_tf_384.in21k_ft_in1k,384,88.304,,,,,,475.32,475323472,87612350728,475323472,2.83E+11,1929881112,
TBD,TBD,maxvit_xlarge_tf_512.in21k_ft_in1k,512,88.54,,,,,,475.77,475769296,1.55E+11,475769296,5.03E+11,3430774296,
TBD,TBD,maxxvit_rmlp_nano_rw_256.sw_in1k,256,83.026,30,26,477.1199426,57259212.76,722612.5537,16.78,16779628,1346858692,16779628,4187422668,81891148,TRUE
TBD,TBD,maxxvit_rmlp_small_rw_256.sw_in1k,256,84.64,12,21,262.8940605,79880422.42,1214471.92,66.01,66010516,4264456108,66010516,14243573092,181290004,TRUE
TBD,TBD,maxxvitv2_nano_rw_256.sw_in1k,256,83.104,64,64,581.8119231,110001894.8,543790.4385,23.7,23696611,2960088328,23696611,6130072552,76266400,TRUE
TBD,TBD,maxxvitv2_rmlp_base_rw_224.sw_in12k_ft_in1k,224,86.638,20,20,214.9178929,93059001.33,1526251.918,116.09,116092512,10390552768,116092512,23912788448,211516864,TRUE
TBD,TBD,maxxvitv2_rmlp_base_rw_384.sw_in12k_ft_in1k,384,87.478,4,7,65.57573867,106746890,4972470.032,116.09,116092512,30263001328,116092512,70279328928,627340744,TRUE
TBD,TBD,mixer_b16_224.goog_in21k_ft_in1k,224,76.64,82,48,416.5395326,119109082.2,797123.9351,59.88,59880472,175045912,59880472,12641588200,63682256,TRUE
TBD,TBD,mixer_b16_224.miil_in21k_ft_in1k,224,82.31,76,64,350.0586066,183384430.3,899081.8896,59.88,59880472,175045912,59880472,12641588200,63682256,TRUE
TBD,TBD,mixer_l16_224.goog_in21k_ft_in1k,224,72.09,24,22,100.2086912,220013129.6,3149260.872,208.2,208196168,361750088,208196168,44662899688,181394384,TRUE
TBD,TBD,mixnet_l.ft_in1k,224,78.97,78,64,815.9994943,79180387.51,372829.2658,7.33,7329252,555264988,7329252,569793472,60235144,TRUE
TBD,TBD,mixnet_m.ft_in1k,224,77.274,104,96,1087.526373,89050478.61,279952.0581,5.01,5014382,339182870,5014382,350230940,45470348,TRUE
TBD,TBD,mixnet_s.ft_in1k,224,76.002,132,128,1511.76459,85357581.1,200309.1494,4.13,4134606,239181286,4134606,247386388,34423556,TRUE
TBD,TBD,mixnet_xl.ra_in1k,224,80.49,56,44,574.1326313,77430299.3,526388.6483,11.9,11896768,904030544,11896768,923029912,81620704,TRUE
TBD,TBD,mnasnet_100.rmsp_in1k,224,74.662,210,192,2859.404972,68074415.12,108736.6432,4.38,4383312,314416872,4383312,324138472,27053840,TRUE
TBD,TBD,mnasnet_small.lamb_in1k,224,66.196,486,480,6951.736048,69717999.8,44267.44261,2.03,2030264,68342784,2030264,72297488,10535456,TRUE
TBD,TBD,mobilenet_edgetpu_v2_m,256,80.682,108,107,1259.082876,85700394.77,244926.8884,8.46,8462888,2397156840,8462888,2416031208,57935760,TRUE
TBD,TBD,mobilenet_edgetpu_v2_m,224,80.118,140,136,1573.261133,87225387.72,196522.0065,8.46,8462888,1835638440,8462888,1850089128,44358480,TRUE
TBD,TBD,mobilenet_edgetpu_v2_m.ra4_e3600_r224_in1k,256,80.684,108,107,1259.337083,85681019.98,244826.602,8.46,8462888,2397156840,8462888,2416031208,57935760,TRUE
TBD,TBD,mobilenet_edgetpu_v2_m.ra4_e3600_r224_in1k,224,80.13,140,136,1571.606843,87281804.85,197575.6716,8.46,8462888,1835638440,8462888,1850089128,44358480,TRUE
TBD,TBD,mobilenetv1_100.ra4_e3600_r224_in1k,256,76.086,80,88,1836.616872,48605708.32,163885.6645,4.23,4231976,742532072,4231976,749249512,37163984,TRUE
TBD,TBD,mobilenetv1_100.ra4_e3600_r224_in1k,224,75.384,152,64,1856.073689,37277692.36,168407.2315,4.23,4231976,568741352,4231976,573884392,28454864,TRUE
TBD,TBD,mobilenetv1_100h.ra4_e3600_r224_in1k,256,76.594,76,80,1649.680031,50163599.23,183634.7976,5.28,5282600,809640936,5282600,816423912,37295056,TRUE
TBD,TBD,mobilenetv1_100h.ra4_e3600_r224_in1k,224,75.658,102,99,1418.634334,70847786.05,204722.7242,5.28,5282600,620121576,5282600,625314792,28555216,TRUE
TBD,TBD,mobilenetv1_125.ra4_e3600_r224_in1k,256,77.584,4,4,845.7835071,5194470.718,365957.5378,6.27,6270840,1148365800,6270840,1156762600,46454480,TRUE
TBD,TBD,mobilenetv1_125.ra4_e3600_r224_in1k,224,76.928,4,4,932.2729513,4803454.343,333198.3185,6.27,6270840,879517800,6270840,885946600,35568080,TRUE
TBD,TBD,mobilenetv2_050.lamb_in1k,224,65.93,10,8,1768.807731,4881463.2,162966.2054,1.97,1968680,97132840,1968680,100587144,17686608,TRUE
TBD,TBD,mobilenetv2_100.ra_in1k,224,72.936,4,88,1959.884226,45629005.56,153562.3159,3.5,3504872,300775272,3504872,307006504,32482256,TRUE
TBD,TBD,mobilenetv2_110d.ra_in1k,224,75.054,80,64,1369.987697,47694448.23,215360.084,4.52,4516520,430517080,4516520,438622856,42799696,TRUE
TBD,TBD,mobilenetv2_120d.ra_in1k,224,77.298,58,48,995.5152008,49162744.06,297894.2955,5.83,5831144,668858568,5831144,679920808,58771344,TRUE
TBD,TBD,mobilenetv2_140.ra_in1k,224,76.528,74,72,1250.250693,58431587.94,233934.7942,6.11,6108776,582196824,6108776,591127368,46531504,TRUE
TBD,TBD,mobilenetv3_large_100.miil_in21k_ft_in1k,224,77.91,188,176,2921.628232,61149159.36,103208.5947,5.48,5483032,216597120,5483032,220040984,21925120,TRUE
TBD,TBD,mobilenetv3_large_100.ra_in1k,224,75.786,188,187,2924.999885,64821558.09,102840.3146,5.48,5483032,216597120,5483032,220040984,21925120,TRUE
TBD,TBD,mobilenetv3_rw.rmsp_in1k,224,75.614,188,160,2964.70984,54836340.91,102214.4289,5.48,5479918,216594006,5479918,220035978,21724396,TRUE
TBD,TBD,mobilenetv3_small_050.lamb_in1k,224,57.924,776,768,12538.03329,62212987.62,24643.44365,1.59,1593224,24192280,1593224,23785744,4405200,TRUE
TBD,TBD,mobilenetv3_small_075.lamb_in1k,224,65.266,568,612,9555.102336,64657963.37,32338.802,2.04,2041872,43403656,2041872,43362736,6286320,TRUE
TBD,TBD,mobilenetv3_small_100.lamb_in1k,224,67.638,574,572,8651.452195,66706467.1,35746.92733,2.54,2542856,56515312,2542856,56488744,6887712,TRUE
TBD,TBD,mobilenetv4_conv_aa_large.e230_r384_in12k_ft_in1k,480,84.78,20,16,215.7089631,75210240.67,1414323.429,32.59,32590864,10947949800,32590864,11049832960,281849360,TRUE
TBD,TBD,mobilenetv4_conv_aa_large.e230_r384_in12k_ft_in1k,384,84.314,30,32,339.0220042,95200009.36,891924.5232,32.59,32590864,7007591400,32590864,7072336384,180388112,TRUE
TBD,TBD,mobilenetv4_conv_aa_large.e230_r448_in12k_ft_in1k,544,84.99,16,14,172.4621018,81986542.44,1785522.71,32.59,32590864,14061319400,32590864,14192546304,362016272,TRUE
TBD,TBD,mobilenetv4_conv_aa_large.e230_r448_in12k_ft_in1k,448,84.668,24,24,258.693675,93594911.05,1175505.475,32.59,32590864,9537204200,32590864,9625790976,245523728,TRUE
TBD,TBD,mobilenetv4_conv_aa_large.e600_r384_in1k,480,83.832,20,16,224.5379988,72004236.04,1361956.356,32.59,32590864,10947949800,32590864,11049832960,281849360,TRUE
TBD,TBD,mobilenetv4_conv_aa_large.e600_r384_in1k,384,83.264,32,32,340.2308516,94843373.64,881872.475,32.59,32590864,7007591400,32590864,7072336384,180388112,TRUE
TBD,TBD,mobilenetv4_conv_blur_medium.e500_r224_in1k,256,80.152,90,88,1167.077722,76128898.59,261036.5192,9.72,9715512,1561799656,9715512,1577970176,55206160,TRUE
TBD,TBD,mobilenetv4_conv_blur_medium.e500_r224_in1k,224,79.446,116,115,1455.291291,79837981.53,209753.5658,9.72,9715512,1196341096,9715512,1208422016,42270160,TRUE
TBD,TBD,mobilenetv4_conv_large.e500_r256_in1k,320,82.674,58,59,625.5924408,95135636.72,493587.0818,32.59,32590864,4428698600,32590864,4457141760,110911760,TRUE
TBD,TBD,mobilenetv4_conv_large.e500_r256_in1k,256,81.864,92,88,1023.791393,86624373.97,299730.1929,32.59,32590864,2835270632,32590864,2853014016,70988048,TRUE
TBD,TBD,mobilenetv4_conv_large.e600_r384_in1k,448,83.418,30,30,316.735885,95525511.57,956390.944,32.59,32590864,8677839848,32590864,8734815744,217374992,TRUE
TBD,TBD,mobilenetv4_conv_large.e600_r384_in1k,384,82.974,40,40,417.340424,96799146.57,728984.2518,32.59,32590864,6376221672,32590864,6417742336,159707408,TRUE
TBD,TBD,mobilenetv4_conv_medium.e500_r224_in1k,256,79.838,150,150,1918.40989,78944521.31,159711.0755,9.72,9715512,1080245224,9715512,1090984448,43962640,TRUE
TBD,TBD,mobilenetv4_conv_medium.e500_r224_in1k,224,79.092,196,176,3210.330779,56733408.54,103224.1069,9.72,9715512,827650984,9715512,835573568,33661840,TRUE
TBD,TBD,mobilenetv4_conv_medium.e500_r256_in1k,320,80.88,96,96,1776.419477,54041498.5,184994.6347,9.72,9715512,1686471400,9715512,1703970560,68684560,TRUE
TBD,TBD,mobilenetv4_conv_medium.e500_r256_in1k,256,79.922,150,148,2858.198157,51780970.62,114933.6362,9.72,9715512,1080245224,9715512,1090984448,43962640,TRUE
TBD,TBD,mobilenetv4_conv_small.e1200_r224_in1k,256,74.29,440,438,9086.428529,48203783.83,36284.5817,3.77,3774024,242179048,3774024,245512704,14668048,TRUE
TBD,TBD,mobilenetv4_conv_small.e1200_r224_in1k,224,73.436,574,560,7659.096,73814886.19,40248.52596,3.77,3774024,186006568,3774024,188259264,11233168,TRUE
TBD,TBD,mobilenetv4_conv_small.e2400_r224_in1k,256,74.644,440,429,6127.815068,70576262.04,49702.30951,3.77,3774024,242179048,3774024,245512704,14668048,TRUE
TBD,TBD,mobilenetv4_conv_small.e2400_r224_in1k,224,73.73,278,224,6666.324544,35561679.31,48864.2619,3.77,3774024,186006568,3774024,188259264,11233168,TRUE
TBD,TBD,mobilenetv4_hybrid_large.e600_r384_in1k,448,84.274,8,6,192.2061924,33153754.71,1721998.71,37.76,37764624,10033397736,37764624,10062433792,235789584,TRUE
TBD,TBD,mobilenetv4_hybrid_large.e600_r384_in1k,384,83.822,10,9,271.5033795,34814289.98,1201795.382,37.76,37764624,7372142568,37764624,7393134848,173236496,TRUE
TBD,TBD,mobilenetv4_hybrid_large.ix_e600_r384_in1k,448,84.364,8,4,200.5144954,21270186.87,1646380.01,37.76,37764624,10033397736,37764624,10062433792,235789584,TRUE
TBD,TBD,mobilenetv4_hybrid_large.ix_e600_r384_in1k,384,83.984,10,10,258.3556767,40915245.41,1264140.09,37.76,37764624,7372142568,37764624,7393134848,173236496,TRUE
TBD,TBD,mobilenetv4_hybrid_medium.e200_r256_in12k_ft_in1k,320,82.99,36,32,823.7876987,40727035.43,391429.8713,11.07,11074648,1919280360,11074648,1937135360,74470160,TRUE
TBD,TBD,mobilenetv4_hybrid_medium.e200_r256_in12k_ft_in1k,256,82.362,60,52,1317.507042,41437167.72,244191.0247,11.07,11074648,1229243880,11074648,1240209920,47665424,TRUE
TBD,TBD,mobilenetv4_hybrid_medium.e500_r224_in1k,256,81.284,60,60,1298.273949,48569400.5,249343.9802,11.07,11074648,1229243880,11074648,1240209920,47665424,TRUE
TBD,TBD,mobilenetv4_hybrid_medium.e500_r224_in1k,224,80.438,78,64,1545.230093,43796048.55,209692.9721,11.07,11074648,941728680,11074648,949824320,36496784,TRUE
TBD,TBD,mobilenetv4_hybrid_medium.ix_e550_r256_in1k,320,82.496,36,28,796.5961102,36918837.9,403597.8887,11.07,11074648,1919280360,11074648,1937135360,74470160,TRUE
TBD,TBD,mobilenetv4_hybrid_medium.ix_e550_r256_in1k,256,81.474,56,60,1419.47942,43424700.83,220779.5829,11.07,11074648,1229243880,11074648,1240209920,47665424,TRUE
TBD,TBD,mobilenetv4_hybrid_medium.ix_e550_r384_in1k,448,83.422,8,,,,,11.07,11074648,3759377640,11074648,3795603200,145949456,
TBD,TBD,mobilenetv4_hybrid_medium.ix_e550_r384_in1k,384,82.96,22,22,560.7903445,41111947.05,569808.9956,11.07,11074648,2762658280,11074648,2788933120,107231504,TRUE
TBD,TBD,mobileone_s0.apple_in1k,224,71.398,46,44,633.3470936,72323797.91,484785.3978,5.29,5293272,1051936232,5293272,1059613160,101288352,TRUE
TBD,TBD,mobileone_s1.apple_in1k,224,75.774,58,62,999.4939566,63990444.19,303470.9033,4.83,4825192,830063080,4825192,842732520,87741856,TRUE
TBD,TBD,mobileone_s2.apple_in1k,224,77.504,64,48,724.2014942,68480658.77,416899.0796,7.88,7884648,1304028392,7884648,1319344616,105946272,TRUE
TBD,TBD,mobileone_s3.apple_in1k,224,78.002,52,52,582.91844,91754161.35,516791.2757,10.17,10170600,1902113768,10170600,1920578536,127960992,TRUE
TBD,TBD,mobileone_s4.apple_in1k,224,79.45,38,24,425.4525111,58399126.07,708585.7159,14.95,14951248,2986816080,14951248,3010613536,165129816,TRUE
TBD,TBD,mobilevit_s.cvnets_in1k,256,78.302,28,28,607.0311118,47320465.1,515778.3966,5.58,5578632,1104653096,5578632,1654303720,95448480,TRUE
TBD,TBD,mobilevit_xs.cvnets_in1k,256,74.632,34,32,701.0306075,48057744.15,455766.9021,2.32,2317848,612301032,2317848,890684392,77666720,TRUE
TBD,TBD,mobilevit_xxs.cvnets_in1k,256,68.928,86,56,1492.340823,38921677.74,205632.372,1.27,1272024,197487592,1272024,348269032,32147616,TRUE
TBD,TBD,mobilevitv2_050.cvnets_in1k,256,70.158,60,48,1536.848895,32971574.15,206604.8108,1.37,1370593,466127080,1370593,471893352,46976288,TRUE
TBD,TBD,mobilevitv2_075.cvnets_in1k,256,75.604,40,40,1024.712887,40891520.73,308218.7966,2.87,2866009,1030276360,2866009,1038924136,70459168,TRUE
TBD,TBD,mobilevitv2_100.cvnets_in1k,256,78.092,30,26,709.9678988,38689041.75,451310.0298,4.9,4901841,1815150888,4901841,1826680168,93942048,TRUE
TBD,TBD,mobilevitv2_125.cvnets_in1k,256,79.678,24,12,545.7607768,23427002.48,577304.514,7.48,7478089,2820750664,7478089,2835161448,117424928,TRUE
TBD,TBD,mobilevitv2_150.cvnets_in1k,256,80.404,20,30,521.6801571,58116910.7,590756.613,10.59,10594753,4047075688,10594753,4064367976,140907808,TRUE
TBD,TBD,mobilevitv2_150.cvnets_in22k_ft_in1k,256,81.47,36,36,523.9829978,69307499.73,590956.2208,10.59,10594753,4047075688,10594753,4064367976,140907808,TRUE
TBD,TBD,mobilevitv2_150.cvnets_in22k_ft_in1k_384,384,82.606,16,16,221.8198359,72788107.34,1373239.142,10.59,10594753,9104943448,10594753,9143866696,317033728,TRUE
TBD,TBD,mobilevitv2_175.cvnets_in1k,256,80.874,30,30,425.799415,71064726.29,723387.7998,14.25,14251833,5494125960,14251833,5514299752,164390688,TRUE
TBD,TBD,mobilevitv2_175.cvnets_in22k_ft_in1k,256,81.944,30,30,427.074877,70879681.08,724171.1699,14.25,14251833,5494125960,14251833,5514299752,164390688,TRUE
TBD,TBD,mobilevitv2_175.cvnets_in22k_ft_in1k_384,384,82.928,12,13,179.2127132,73256084.52,1686909.411,14.25,14251833,12360643960,14251833,12406053192,369869568,TRUE
TBD,TBD,mobilevitv2_200.cvnets_in1k,256,81.148,26,24,365.7949779,66215236.21,840004.1835,18.45,18449329,7161901480,18449329,7184956776,187873568,TRUE
TBD,TBD,mobilevitv2_200.cvnets_in22k_ft_in1k,256,82.322,26,24,363.5975451,66573754.32,841946.6351,18.45,18449329,7161901480,18449329,7184956776,187873568,TRUE
TBD,TBD,mobilevitv2_200.cvnets_in22k_ft_in1k_384,384,83.41,10,10,141.0748612,71971666.62,2111610.042,18.45,18449329,16112976280,18449329,16164871496,422705408,TRUE
TBD,TBD,mvitv2_base.fb_in1k,224,84.438,34,32,207.272759,155149835.4,1550766.47,51.47,51472744,151663336,51472744,8904161512,301056,TRUE
TBD,TBD,mvitv2_large.fb_in1k,224,85.264,8,8,39.50528271,203736240.1,7570898.426,217.99,217992952,439937560,217992952,40726296424,451584,TRUE
TBD,TBD,mvitv2_small.fb_in1k,224,83.772,42,48,309.2964411,155891986.5,1038482.748,34.87,34870216,118884808,34870216,6098658280,301056,TRUE
TBD,TBD,mvitv2_tiny.fb_in1k,224,82.408,58,59,409.3440768,144766319.9,779481.1431,24.17,24173320,96041800,24173320,3997889512,301056,TRUE
TBD,TBD,nasnetalarge.tf_in1k,331,82.636,4,6,81.00791833,74865630.97,3717362.269,88.75,88753150,23783612134,88753150,23987129974,358678376,TRUE
TBD,TBD,nest_base_jx.goog_in1k,224,83.546,22,22,176.4604727,125633918.6,1792052.512,67.72,67723368,1936100584,67723368,16724633320,102563792,TRUE
TBD,TBD,nest_small_jx.goog_in1k,224,83.122,30,22,254.2278302,87506259.14,1245212.659,38.35,38351176,1093094056,38351176,9422126632,76923344,TRUE
TBD,TBD,nest_tiny_jx.goog_in1k,224,81.428,50,48,415.9268818,116444035.4,754871.3153,17.06,17057608,1071800488,17057608,5244974632,49828304,TRUE
TBD,TBD,nextvit_base.bd_in1k,224,83.496,52,48,271.447606,178073026.3,1064075.568,44.82,44818856,7777270376,44818856,8289962216,97173920,TRUE
TBD,TBD,nextvit_base.bd_in1k_384,384,84.726,16,1,94.19004254,11390469.32,2889621.113,44.82,44818856,22844094056,44818856,24360350696,285556640,TRUE
TBD,TBD,nextvit_base.bd_ssld_6m_in1k,224,85.182,52,48,273.6744858,176526386,1053551.979,44.82,44818856,7777270376,44818856,8289962216,97173920,TRUE
TBD,TBD,nextvit_base.bd_ssld_6m_in1k_384,384,86.364,16,1,94.18545731,11436886.03,2873289.683,44.82,44818856,22844094056,44818856,24360350696,285556640,TRUE
TBD,TBD,nextvit_large.bd_in1k,224,83.642,40,40,227.9050175,176837986.3,1281800.007,57.87,57874344,10101621864,57874344,10767703272,118348192,TRUE
TBD,TBD,nextvit_large.bd_in1k_384,384,84.934,14,1,73.23018795,14588194.55,3645155.078,57.87,57874344,29672509544,57874344,31641875432,347783072,TRUE
TBD,TBD,nextvit_large.bd_ssld_6m_in1k,224,85.524,40,40,230.2280461,175040574.8,1273771.995,57.87,57874344,10101621864,57874344,10767703272,118348192,TRUE
TBD,TBD,nextvit_large.bd_ssld_6m_in1k_384,384,86.542,14,1,73.02393829,14604260.44,3637118.182,57.87,57874344,29672509544,57874344,31641875432,347783072,TRUE
TBD,TBD,nextvit_small.bd_in1k,224,82.62,66,66,344.113944,192967348.4,826868.9371,31.76,31763368,5452918888,31763368,5812221160,75999648,TRUE
TBD,TBD,nextvit_small.bd_in1k_384,384,84.042,22,1,131.0773721,8313968.685,2127195.952,31.76,31763368,16015678568,31763368,17078825960,223330208,TRUE
TBD,TBD,nextvit_small.bd_ssld_6m_in1k,224,84.856,66,66,343.632869,193110757.9,826373.3844,31.76,31763368,5452918888,31763368,5812221160,75999648,TRUE
TBD,TBD,nextvit_small.bd_ssld_6m_in1k_384,384,85.956,22,1,131.0074533,8304813.492,2120503.756,31.76,31763368,16015678568,31763368,17078825960,223330208,TRUE
TBD,TBD,nf_regnet_b1.ra2_in1k,288,79.368,86,85,893.612341,96417778.48,340277.4483,10.22,10223984,1008505920,10223984,16626800,25316688,TRUE
TBD,TBD,nf_regnet_b1.ra2_in1k,256,78.722,110,110,1195.746436,93201082.62,253692.1258,10.22,10223984,797958744,10223984,14253464,20010784,TRUE
TBD,TBD,nf_resnet50.ra2_in1k,288,80.656,64,64,429.5940398,149860717.2,683428.7991,25.56,25557032,6776707560,25557032,39456744,58404768,TRUE
TBD,TBD,nf_resnet50.ra2_in1k,256,80.224,82,82,568.8412572,145311170.6,513945.2535,25.56,25557032,5354865640,25557032,31605736,46149536,TRUE
TBD,TBD,nfnet_l0.ra2_in1k,288,82.756,50,48,379.0562756,127879621.6,802260.4887,35.07,35074488,7042594472,35074488,33129000,57203168,TRUE
TBD,TBD,nfnet_l0.ra2_in1k,224,81.868,82,80,626.7654043,128744081.9,483753.7902,35.07,35074488,4265563816,35074488,25272872,34626016,TRUE
TBD,TBD,pit_b_224.in1k,224,82.46,60,52,280.1217966,186814627.8,1129806.576,73.76,73764840,220221928,73764840,8981651336,26350336,TRUE
TBD,TBD,pit_b_distilled_224.in1k,224,83.774,60,60,281.3838149,214057921.2,1120118.31,74.79,74790096,221246928,74790096,9038421756,26376960,TRUE
TBD,TBD,pit_s_224.in1k,224,81.126,166,165,949.3883339,174990500.5,333189.6443,23.46,23461912,104810680,23461912,2107678132,7673328,TRUE
TBD,TBD,pit_s_distilled_224.in1k,224,81.842,164,128,944.3195059,136598711.2,336106.7184,24.04,24039056,105387680,24039056,2126162870,7683408,TRUE
TBD,TBD,pit_ti_224.in1k,224,72.924,372,372,2758.828323,137275657.4,116955.0793,4.85,4847272,41002280,4847272,553210384,3410368,TRUE
TBD,TBD,pit_ti_distilled_224.in1k,224,74.278,368,320,2977.318985,108004413,109377.2544,5.1,5104336,41259280,5104336,557694964,3414848,TRUE
TBD,TBD,pit_xs_224.in1k,224,78.212,248,224,2121.085872,106091668.8,153632.0408,10.62,10618888,64851400,10618888,1058993776,5115552,TRUE
TBD,TBD,pit_xs_distilled_224.in1k,224,79.168,248,224,2115.591853,106390990.7,154460.9471,11,11003984,65236400,11003984,1067953428,5122272,TRUE
TBD,TBD,pnasnet5large.tf_in1k,331,82.828,4,4,102.1724093,39813888.74,3245706.4,86.06,86057668,24937573588,86057668,24959934538,357073088,TRUE
TBD,TBD,poolformer_m36.sail_in1k,224,82.104,28,28,379.4473717,74504308.24,861825.7258,56.17,56172520,8780858344,56172520,8823779560,132132560,TRUE
TBD,TBD,poolformer_m48.sail_in1k,224,82.462,20,20,275.2047492,73363376.69,1173655.589,73.47,73473448,11562558184,73473448,11619761896,175033040,TRUE
TBD,TBD,poolformer_s12.sail_in1k,224,77.244,124,120,1943.645683,62180824.33,169102.4445,11.92,11915176,1817814248,11915176,1828136168,33209040,TRUE
TBD,TBD,poolformer_s24.sail_in1k,224,80.3,62,60,951.9090941,63330679.45,343826.4646,21.39,21388968,3402912488,21388968,3423507176,64067280,TRUE
TBD,TBD,poolformer_s36.sail_in1k,224,81.432,36,36,414.8230429,87630177.39,681984.9589,30.86,30862760,4988010728,30862760,5018878184,94925520,TRUE
TBD,TBD,poolformerv2_m36.sail_in1k,224,82.214,22,20,216.0178035,93568455.86,1307951.356,56.08,56077168,8759382376,56077168,8802329320,149292752,TRUE
TBD,TBD,poolformerv2_m48.sail_in1k,224,82.612,16,16,155.132301,103698784.8,1834547.954,73.35,73346056,11533923304,73346056,11591161576,197913296,TRUE
TBD,TBD,poolformerv2_s12.sail_in1k,224,78.008,90,64,1046.220349,61814820.86,284424.1825,11.89,11891712,1812665128,11891712,1822993128,37323472,TRUE
TBD,TBD,poolformerv2_s24.sail_in1k,224,80.752,46,36,507.7347903,71691275.1,569169.8037,21.34,21341464,3392613672,21341464,3413221096,72296144,TRUE
TBD,TBD,poolformerv2_s36.sail_in1k,224,81.576,30,30,331.2951887,91337433.59,853936.6457,30.79,30791216,4972562216,30791216,5003449064,107268816,TRUE
TBD,TBD,pvt_v2_b0.in1k,224,70.656,150,160,1958.007227,82448490.91,159220.5132,3.67,3666760,118691944,3666760,540702696,19602256,TRUE
TBD,TBD,pvt_v2_b1.in1k,224,78.702,80,80,1130.023546,71176128.12,280025.6479,14.01,14009000,389082344,14009000,2057628648,39202512,TRUE
TBD,TBD,pvt_v2_b2.in1k,224,82.094,44,44,614.2858156,72269288.85,518563.8846,25.36,25362856,559959016,25362856,3929281256,69270480,TRUE
TBD,TBD,pvt_v2_b2_li.in1k,224,82.202,20,18,450.9364341,42531345.78,772598.2406,22.55,22553512,422153704,22553512,3814535016,69828688,TRUE
TBD,TBD,pvt_v2_b3.in1k,224,83.118,12,13,309.5093821,44625198.78,1121568.779,45.24,45238696,845900776,45238696,6741144296,94107600,TRUE
TBD,TBD,pvt_v2_b4.in1k,224,83.712,8,8,205.605627,41378176.61,1705816.713,62.56,62556072,1145195496,62556072,9875739368,133709008,TRUE
TBD,TBD,pvt_v2_b5.in1k,224,83.768,8,8,184.1276707,46205069.34,1894151.559,81.96,81956008,1363489000,81956008,11421611752,126044624,TRUE
TBD,TBD,rdnet_base.nv_in1k,224,84.368,8,7,245.1593784,30561705.94,1421503.479,87.45,87451096,15389362336,87451096,15413820432,78200616,TRUE
TBD,TBD,rdnet_large.nv_in1k,224,84.794,4,5,119.5380337,44609760.91,2897345.416,186.27,186269632,34722059512,186269632,34758635240,116967992,TRUE
TBD,TBD,rdnet_large.nv_in1k_ft_in1k_384,384,85.848,1,1,38.20119517,27843741.78,9095041.276,186.27,186269632,1.02E+11,186269632,1.02E+11,343677512,TRUE
TBD,TBD,rdnet_small.nv_in1k,224,83.668,14,10,446.7036151,23199370.04,759828.8765,50.44,50436448,8728813984,50436448,8746549360,56854616,TRUE
TBD,TBD,rdnet_tiny.nv_in1k,224,82.82,20,10,678.3956179,15286089.83,502179.3997,23.86,23863008,5048679672,23863008,5061330264,40901864,TRUE
TBD,TBD,regnetv_040.ra3_in1k,288,83.2,10,10,353.2919246,30467571.19,962904.8868,20.64,20640640,6565774432,20640640,6585076632,97467592,TRUE
TBD,TBD,regnetv_040.ra3_in1k,224,82.448,16,8,526.9475372,16549643.43,658685.7798,20.64,20640640,3973301344,20640640,3984978840,58975432,TRUE
TBD,TBD,regnetv_064.ra3_in1k,288,83.748,8,7,201.1099899,37342022.96,1680243.808,30.58,30576052,10502274420,30576052,10532109968,133594084,TRUE
TBD,TBD,regnetv_064.ra3_in1k,224,83.118,10,9,346.1704461,27837183.74,982638.8722,30.58,30576052,6355221876,30576052,6373271696,80833508,TRUE
TBD,TBD,regnetx_002.pycls_in1k,224,68.76,158,128,6198.050715,22250716.72,56834.98958,2.68,2684792,199040872,2684792,203069064,12661584,TRUE
TBD,TBD,regnetx_004.pycls_in1k,224,72.432,104,88,3939.663827,23795874.04,87864.46,5.16,5157512,397678568,5157512,403599336,18965792,TRUE
TBD,TBD,regnetx_004_tv.tv2_in1k,224,74.584,100,32,3547.631807,9888041.22,99720.88096,5.5,5495976,413813608,5495976,419797096,19170480,TRUE
TBD,TBD,regnetx_006.pycls_in1k,224,73.884,86,87,3637.042819,24397051.81,93211.69702,6.2,6196040,600891112,6196040,608293640,23865584,TRUE
TBD,TBD,regnetx_008.pycls_in1k,224,75.062,36,12,2294.685345,5721540.444,154862.6408,7.26,7259656,799700712,7259656,809281192,31086016,TRUE
TBD,TBD,regnetx_008.tv2_in1k,224,77.288,36,32,2250.794168,15333329.69,156940.6371,7.26,7259656,799700712,7259656,809281192,31086016,TRUE
TBD,TBD,regnetx_016.pycls_in1k,224,76.924,22,22,1165.420331,20357629.36,305540.8413,9.19,9190136,1602850792,9190136,1617840872,49052336,TRUE
TBD,TBD,regnetx_016.tv2_in1k,224,79.452,16,16,904.3264341,19293531.39,367322.8135,9.19,9190136,1602850792,9190136,1617840872,49052336,TRUE
TBD,TBD,regnetx_032.pycls_in1k,224,78.166,10,22,294.7131183,75950480.96,929708.7532,15.3,15296552,3176622952,15296552,3198283304,71260304,TRUE
TBD,TBD,regnetx_032.tv2_in1k,224,80.926,20,18,277.1893201,66986177.04,1007341.893,15.3,15296552,3176622952,15296552,3198283304,71260304,TRUE
TBD,TBD,regnetx_040.pycls_in1k,224,78.494,18,16,444.8679873,37091121.27,654578.8926,22.12,22118248,3964499816,22118248,3987803432,76641520,TRUE
TBD,TBD,regnetx_064.pycls_in1k,224,79.06,10,8,161.9604477,51217895.37,1793102.032,26.21,26209256,6460292264,26209256,6491054072,101429912,TRUE
TBD,TBD,regnetx_080.pycls_in1k,224,79.216,10,5,379.0394284,14178746.51,835760.443,39.57,39572648,7995133416,39572648,8022090472,88666400,TRUE
TBD,TBD,regnetx_080.tv2_in1k,224,81.56,10,7,363.0989014,20301210.8,858137.4596,39.57,39572648,7995133416,39572648,8022090472,88666400,TRUE
TBD,TBD,regnetx_120.pycls_in1k,224,79.608,4,1,141.7248722,7866946.584,2211784.57,46.11,46106056,12086679016,46106056,12126951528,132963680,TRUE
TBD,TBD,regnetx_160.pycls_in1k,224,79.858,4,5,223.6097997,23268489.64,1370182.721,54.28,54278536,15940756456,54278536,15989025768,159672224,TRUE
TBD,TBD,regnetx_160.tv2_in1k,224,82.576,8,5,279.1206164,19088888.68,1251525.54,54.28,54278536,15940756456,54278536,15989025768,159672224,TRUE
TBD,TBD,regnetx_320.pycls_in1k,224,80.262,4,4,145.7662561,29062419.27,2408100.338,107.81,107811560,31735930792,107811560,31804845176,228359960,TRUE
TBD,TBD,regnetx_320.tv2_in1k,224,82.824,4,5,135.4832018,39445485.1,2607722.089,107.81,107811560,31735930792,107811560,31804845176,228359960,TRUE
TBD,TBD,regnety_002.pycls_in1k,224,70.294,72,40,3983.952914,11059739.49,80294.29196,3.16,3162996,199519076,3162996,203548732,12670308,TRUE
TBD,TBD,regnety_004.pycls_in1k,224,74.006,30,30,2042.497949,15994326.05,151436.8677,4.34,4344144,401849056,4344144,409077888,23315656,TRUE
TBD,TBD,regnety_004.tv2_in1k,224,75.588,36,28,2102.754861,14601722.85,151969.2661,4.34,4344144,401849056,4344144,409077888,23315656,TRUE
TBD,TBD,regnety_006.pycls_in1k,224,75.262,26,26,1970.979152,14177583.25,159945.9362,6.06,6055160,601227608,6055160,609307960,26108624,TRUE
TBD,TBD,regnety_008.pycls_in1k,224,76.334,20,14,1463.124407,10570646.02,215913.8465,6.26,6263168,797183328,6263168,806944464,31667528,TRUE
TBD,TBD,regnety_008_tv.tv2_in1k,224,78.656,20,16,1426.138992,12214446.26,223449.5987,6.43,6432512,833862848,6432512,843940752,32719144,TRUE
TBD,TBD,regnety_016.pycls_in1k,224,77.908,12,10,712.3879809,15193914.37,435207.6829,11.2,11202430,1612087326,11202430,1627537418,50602058,TRUE
TBD,TBD,regnety_016.tv2_in1k,224,80.696,12,10,704.5171367,15459968.64,441624.1651,11.2,11202430,1612087326,11202430,1627537418,50602058,TRUE
TBD,TBD,regnety_032.pycls_in1k,224,78.896,8,5,358.2787632,14985091.34,863379.2454,19.44,19436338,3176496162,19436338,3197984486,70561382,TRUE
TBD,TBD,regnety_032.ra_in1k,288,82.724,4,5,225.3664039,23156947.87,1356727.593,19.44,19436338,5248252962,19436338,5283771622,116618086,TRUE
TBD,TBD,regnety_032.ra_in1k,224,81.942,8,8,360.7211961,23931543.53,892658.257,19.44,19436338,3176496162,19436338,3197984486,70561382,TRUE
TBD,TBD,regnety_032.tv2_in1k,224,81.798,8,8,340.7673451,25194248.29,941220.9533,19.44,19436338,3176496162,19436338,3197984486,70561382,TRUE
TBD,TBD,regnety_040.pycls_in1k,224,79.236,8,11,667.7547019,17779342.16,519075.1916,20.65,20646656,3973301344,20646656,3996549712,76543304,TRUE
TBD,TBD,regnety_040.ra3_in1k,288,83.058,4,37,579.7837706,64519974.63,563319.4635,20.65,20646656,6565774432,20646656,6604202576,126508360,TRUE
TBD,TBD,regnety_040.ra3_in1k,224,82.316,62,56,981.2620478,57532027.37,334315.3372,20.65,20646656,3973301344,20646656,3996549712,76543304,TRUE
TBD,TBD,regnety_064.pycls_in1k,224,79.728,46,52,688.2107606,75558520.78,479206.7761,30.58,30583252,6355221876,30583252,6386427788,103015220,TRUE
TBD,TBD,regnety_064.ra3_in1k,288,83.712,34,32,412.0632448,77658282.78,792195.0711,30.58,30583252,10502274420,30583252,10553855884,170261812,TRUE
TBD,TBD,regnety_064.ra3_in1k,224,83.006,58,52,688.8535658,75487829.93,474738.8777,30.58,30583252,6355221876,30583252,6386427788,103015220,TRUE
TBD,TBD,regnety_080.pycls_in1k,224,79.882,52,48,653.9439216,73400882.86,501094.8739,39.18,39180068,7963074196,39180068,7996876428,111473396,TRUE
TBD,TBD,regnety_080.ra3_in1k,288,83.94,32,32,386.4542677,82804155.89,852755.1363,39.18,39180068,13158809236,39180068,13214682764,184241908,TRUE
TBD,TBD,regnety_080.ra3_in1k,224,83.162,52,48,654.692427,73317011.07,503902.2826,39.18,39180068,7963074196,39180068,7996876428,111473396,TRUE
TBD,TBD,regnety_080_tv.tv2_in1k,224,82.592,48,48,635.9764151,75474626.99,517375.979,39.38,39381472,8473087616,39381472,8510050992,122010664,TRUE
TBD,TBD,regnety_120.pycls_in1k,224,80.382,42,32,501.5611375,63800935.36,658873.7007,51.82,51822544,12092395504,51822544,12132674304,133002680,TRUE
TBD,TBD,regnety_120.sw_in12k_ft_in1k,288,85.442,26,26,175.7030109,147977029.7,1845924.449,51.82,51822544,19984273392,51822544,20050852608,219827640,TRUE
TBD,TBD,regnety_120.sw_in12k_ft_in1k,224,84.986,42,32,500.8731964,63888510.08,655998.8866,51.82,51822544,12092395504,51822544,12132674304,133002680,TRUE
TBD,TBD,regnety_1280.seer_ft_in1k,384,84.426,2,1,20.93207195,47773867.88,15509690.37,644.81,644812894,3.75E+11,644812894,3.75E+11,1333168138,TRUE
TBD,TBD,regnety_1280.swag_ft_in1k,384,88.224,2,,,,,644.81,644812894,3.75E+11,644812894,3.75E+11,1333168138,
TBD,TBD,regnety_1280.swag_lc_in1k,224,85.966,8,4,50.06703482,79893081.32,6459233.261,644.81,644812894,1.28E+11,644812894,1.28E+11,453784298,TRUE
TBD,TBD,regnety_160.deit_in1k,288,83.7,22,1,148.9330508,6714520.229,2211774.096,83.59,83590140,26294148572,83590140,26365973028,236960140,TRUE
TBD,TBD,regnety_160.deit_in1k,224,82.994,38,32,405.9099061,78835294.74,798031.9887,83.59,83590140,15911534044,83590140,15954986532,143372172,TRUE
TBD,TBD,regnety_160.lion_in12k_ft_in1k,288,86.01,22,1,148.2623769,6744854.107,2184717.885,83.59,83590140,26294148572,83590140,26365973028,236960140,TRUE
TBD,TBD,regnety_160.lion_in12k_ft_in1k,224,85.602,38,32,406.1196649,78794618.34,803770.7222,83.59,83590140,15911534044,83590140,15954986532,143372172,TRUE
TBD,TBD,regnety_160.pycls_in1k,224,80.284,38,32,405.67245,78881477.36,800196.7912,83.59,83590140,15911534044,83590140,15954986532,143372172,TRUE
TBD,TBD,regnety_160.sw_in12k_ft_in1k,288,86.032,22,1,148.4485273,6736418.586,2209463.209,83.59,83590140,26294148572,83590140,26365973028,236960140,TRUE
TBD,TBD,regnety_160.sw_in12k_ft_in1k,224,85.594,38,32,405.9544356,78826674.12,803357.9873,83.59,83590140,15911534044,83590140,15954986532,143372172,TRUE
TBD,TBD,regnety_160.swag_ft_in1k,384,86.018,12,1,110.6926639,9034151.875,2933907.01,83.59,83590140,46734920924,83590140,46862602692,421211452,TRUE
TBD,TBD,regnety_160.swag_lc_in1k,224,83.808,38,32,407.0861753,78607513.79,800843.902,83.59,83590140,15911534044,83590140,15954986532,143372172,TRUE
TBD,TBD,regnety_160.tv2_in1k,224,82.646,38,32,405.9127428,78834832.37,806495.2782,83.59,83590140,15911534044,83590140,15954986532,143372172,TRUE
TBD,TBD,regnety_2560.seer_ft_in1k,384,85.146,1,1,10.37510579,96385291.93,31916204.99,"1,282.60",1282601138,7.47E+11,1282601138,7.48E+11,1881168073,TRUE
TBD,TBD,regnety_320.pycls_in1k,224,80.796,28,28,242.4823041,115472607.9,1368675.444,145.05,145046770,32279583362,145046770,32336963686,189616646,TRUE
TBD,TBD,regnety_320.seer_ft_in1k,384,83.326,8,8,85.00373812,94113684.55,3909710.122,145.05,145046770,94826488962,145046770,94995096806,557079686,TRUE
TBD,TBD,regnety_320.swag_ft_in1k,384,86.86,8,8,84.89024743,94239689.56,3908480.448,145.05,145046770,94826488962,145046770,94995096806,557079686,TRUE
TBD,TBD,regnety_320.swag_lc_in1k,224,84.632,28,28,243.313681,115077855.1,1362415.725,145.05,145046770,32279583362,145046770,32336963686,189616646,TRUE
TBD,TBD,regnety_320.tv2_in1k,224,83.174,28,24,242.0428905,99156230.64,1371229.887,145.05,145046770,32279583362,145046770,32336963686,189616646,TRUE
TBD,TBD,regnety_640.seer_ft_in1k,384,83.916,4,2,41.77239512,47878988.92,7859863.242,281.38,281378786,1.88E+11,281378786,1.88E+11,783214622,TRUE
TBD,TBD,regnetz_040.ra3_in1k,320,84.256,16,16,298.697192,53570668.41,1103231.951,27.12,27116800,6271130304,27116800,6305767192,214440360,TRUE
TBD,TBD,regnetz_040.ra3_in1k,256,83.66,24,22,463.1352419,47505990.44,711630.3752,27.12,27116800,4015422144,27116800,4037590360,137266728,TRUE
TBD,TBD,regnetz_040_h.ra3_in1k,320,84.51,16,16,296.2766158,54008653.03,1118438.372,28.94,28938880,6353239104,28938880,6388178392,215159592,TRUE
TBD,TBD,regnetz_040_h.ra3_in1k,256,83.768,24,16,481.555978,33332461.99,692128.4732,28.94,28938880,4068334656,28938880,4090696408,137728488,TRUE
TBD,TBD,regnetz_b16.ra3_in1k,288,80.738,38,40,862.6416876,46369248.59,382505.8756,9.72,9715480,2361499704,9715480,2376133912,103455568,TRUE
TBD,TBD,regnetz_b16.ra3_in1k,224,79.874,66,66,1436.973681,45929954.69,228749.0126,9.72,9715480,1430216760,9715480,1439071512,62598992,TRUE
TBD,TBD,regnetz_c16.ra3_in1k,320,82.66,24,20,535.9448031,37317386.03,610070.1188,13.46,13459880,3864470600,13459880,3888131592,160267200,TRUE
TBD,TBD,regnetz_c16.ra3_in1k,256,82.16,38,38,865.0440565,43928471.21,379717.5322,13.46,13459880,2475508808,13459880,2490654216,102587712,TRUE
TBD,TBD,regnetz_c16_evos.ch_in1k,320,82.644,12,13,270.6158886,48038597.43,1224397.904,13.49,13487816,3864533576,13487816,3864786360,108542400,TRUE
TBD,TBD,regnetz_c16_evos.ch_in1k,256,81.942,20,20,428.5443509,46669674.98,754804.6696,13.49,13487816,2475571784,13487816,2475713976,69483840,TRUE
TBD,TBD,regnetz_d32.ra3_in1k,320,84.028,16,16,312.9305024,51129634.54,1056378.439,27.58,27576288,9258719976,27576288,9292342504,234291872,TRUE
TBD,TBD,regnetz_d32.ra3_in1k,256,83.428,26,26,552.8559703,47028582.71,594377.9182,27.58,27576288,5929679592,27576288,5951201512,149970080,TRUE
TBD,TBD,regnetz_d8.ra3_in1k,320,84.042,16,16,341.2865758,46881488.55,970713.1094,23.37,23373792,6117907176,23373792,6151529704,234291872,TRUE
TBD,TBD,regnetz_d8.ra3_in1k,256,83.548,26,26,538.7486027,48260051.79,616010.3432,23.37,23373792,3919559400,23373792,3941081320,149970080,TRUE
TBD,TBD,regnetz_d8_evos.ch_in1k,320,84.152,8,6,162.1913241,36993454.56,1971253.047,23.46,23464296,7030383336,23464296,7030662184,165709472,TRUE
TBD,TBD,regnetz_d8_evos.ch_in1k,256,83.394,14,10,266.6878808,37497122.86,1215227.635,23.46,23464296,4503577320,23464296,4503727144,106077344,TRUE
TBD,TBD,regnetz_e8.ra3_in1k,320,85.04,8,9,181.8978129,49478416.76,1823199.585,57.7,57698176,15334323400,57698176,15391736712,406332608,TRUE
TBD,TBD,regnetz_e8.ra3_in1k,256,84.418,14,15,290.9272254,51559365.95,1138250.982,57.7,57698176,9823966408,57698176,9860717448,260093120,TRUE
TBD,TBD,repghostnet_050.in1k,224,66.98,508,502,8799.431669,57049169.58,37610.24132,2.31,2313968,43334348,2313968,50295836,11149232,TRUE
TBD,TBD,repghostnet_058.in1k,224,68.934,394,393,6996.920007,56167586.05,47177.93336,2.55,2546388,59826484,2546388,69035100,14261556,TRUE
TBD,TBD,repghostnet_080.in1k,224,72.236,320,320,5597.423371,57169186.46,59218.7943,3.28,3278968,95548852,3278968,107395188,17736948,TRUE
TBD,TBD,repghostnet_100.in1k,224,74.2,260,256,4499.876596,56890485.36,73428.56041,4.07,4073604,142430976,4073604,157336112,21960944,TRUE
TBD,TBD,repghostnet_111.in1k,224,75.068,236,231,4081.662318,56594645.14,80939.35416,4.54,4539984,170164760,4539984,186734920,24167764,TRUE
TBD,TBD,repghostnet_130.in1k,224,76.366,200,198,3400.610392,58224904.11,97502.12794,5.48,5478612,231170892,5478612,251257132,28880316,TRUE
TBD,TBD,repghostnet_150.in1k,224,77.47,174,170,2968.234663,57273155.31,111776.1869,6.58,6575336,301370048,6575336,324515104,33104328,TRUE
TBD,TBD,repghostnet_200.in1k,224,78.79,132,132,2188.417103,60317664.15,150250.3057,9.8,9796124,515941268,9796124,547029972,43916040,TRUE
TBD,TBD,repvgg_a0.rvgg_in1k,224,72.424,374,352,3447.080716,102115587.5,94107.26362,9.11,9108968,1512582120,9108968,1516295144,27242144,TRUE
TBD,TBD,repvgg_a1.rvgg_in1k,224,74.468,282,282,2599.198195,108495115,125960.6101,14.09,14092264,2626489320,14092264,2631356392,35985312,TRUE
TBD,TBD,repvgg_a2.rvgg_in1k,224,76.492,216,192,1450.149166,132400309.8,227605.9834,28.21,28210600,5685346280,28210600,5691743720,48354208,TRUE
TBD,TBD,repvgg_b0.rvgg_in1k,224,75.162,220,220,1977.961862,111225639.6,166769.3323,15.82,15817960,3397192680,15817960,3403464680,47927200,TRUE
TBD,TBD,repvgg_b1.rvgg_in1k,224,78.372,126,127,731.9306782,173514290.1,452404.9685,57.42,57415016,13128090600,57415016,13138928616,85010336,TRUE
TBD,TBD,repvgg_b1g4.rvgg_in1k,224,77.602,130,130,928.6021197,139995657.8,356384.828,39.97,39966056,8118518760,39966056,8129356776,85010336,TRUE
TBD,TBD,repvgg_b2.rvgg_in1k,224,78.794,102,88,477.7037687,184215050.8,682955.1069,89.02,89022376,20418171880,89022376,20431317992,103652768,TRUE
TBD,TBD,repvgg_b2g4.rvgg_in1k,224,79.396,104,45,467.8855194,98012623.44,707274.533,61.76,61758376,12590715880,61758376,12603861992,103652768,TRUE
TBD,TBD,repvgg_b3.rvgg_in1k,224,80.518,36,38,271.033692,143278446.4,1195742.694,123.09,123085288,29120697320,123085288,29136051176,121891744,TRUE
TBD,TBD,repvgg_b3g4.rvgg_in1k,224,80.248,42,36,353.0936722,106477146.4,974719.4242,83.83,83825128,17849160680,83825128,17864514536,121891744,TRUE
TBD,TBD,repvgg_d2se.rvgg_in1k,320,83.554,8,6,80.83274202,78284748.42,4244250.854,133.33,133334836,74437351540,133334836,74484663308,385653380,TRUE
TBD,TBD,repvit_m0_9.dist_300e_in1k,224,78.654,60,60,1960.322889,32545971.62,178117.8766,5.49,5489328,818613192,5489328,839697512,30447576,TRUE
TBD,TBD,repvit_m0_9.dist_450e_in1k,224,79.058,60,60,2094.183768,29686982.49,164217.7115,5.49,5489328,818613192,5489328,839697512,30447576,TRUE
TBD,TBD,repvit_m1.dist_in1k,224,78.542,54,48,1946.923382,26050316.63,175245.8625,5.49,5485248,817333704,5485248,838418024,33006552,TRUE
TBD,TBD,repvit_m1_0.dist_300e_in1k,224,80.152,40,36,1528.31664,25271300.46,226951.8995,7.3,7302796,1109631688,7302796,1134230064,35521176,TRUE
TBD,TBD,repvit_m1_0.dist_450e_in1k,224,80.446,40,32,1467.016461,23508035.87,237525.9155,7.3,7302796,1109631688,7302796,1134230064,35521176,TRUE
TBD,TBD,repvit_m1_1.dist_300e_in1k,224,80.826,40,40,1391.082311,30927177.94,253369.6138,8.8,8802912,1340912256,8802912,1367624736,38587008,TRUE
TBD,TBD,repvit_m1_1.dist_450e_in1k,224,81.302,40,40,1396.665082,30822032.26,252455.1888,8.8,8802912,1340912256,8802912,1367624736,38587008,TRUE
TBD,TBD,repvit_m1_5.dist_300e_in1k,224,82.382,24,24,786.0777083,32826618.11,448686.5488,14.64,14644432,2279940208,14644432,2324170608,63681168,TRUE
TBD,TBD,repvit_m1_5.dist_450e_in1k,224,82.52,24,24,778.7967811,33123677.44,451874.4511,14.64,14644432,2279940208,14644432,2324170608,63681168,TRUE
TBD,TBD,repvit_m2.dist_in1k,224,80.468,40,40,1456.572739,29337457.88,240687.4969,8.8,8797984,1339306624,8797984,1366019104,41798272,TRUE
TBD,TBD,repvit_m2_3.dist_300e_in1k,224,83.524,12,12,424.8310435,30406973.33,826142.8554,23.69,23688792,4526548032,23688792,4600252336,105945696,TRUE
TBD,TBD,repvit_m2_3.dist_450e_in1k,224,83.742,12,12,423.7492543,30460887.03,830535.898,23.69,23688792,4526548032,23688792,4600252336,105945696,TRUE
TBD,TBD,repvit_m3.dist_in1k,224,81.494,26,26,993.2820078,27691746.53,348254.3367,10.68,10682832,1862269488,10682832,1901607600,61670608,TRUE
TBD,TBD,res2net101_26w_4s.in1k,224,79.186,18,22,430.8001988,54126476.8,785605.8132,45.21,45206688,8067094524,45206688,8140285736,66133840,TRUE
TBD,TBD,res2net101d.in1k,224,81.254,22,20,399.5539835,52988450.47,860594.1664,45.23,45225920,8306735228,45225920,8385947432,69897040,TRUE
TBD,TBD,res2net50_14w_8s.in1k,224,78.146,34,28,685.087567,43717378.25,505560.9461,25.06,25059816,4178962740,25059816,4231199016,47146928,TRUE
TBD,TBD,res2net50_26w_4s.in1k,224,77.986,36,28,832.5755485,34334185.22,400514.2555,25.7,25699120,4255226956,25699120,4305127080,45208880,TRUE
TBD,TBD,res2net50_26w_6s.in1k,224,78.584,28,28,529.101473,55850467.05,647709.9328,37.05,37051448,6295596092,37051448,6356165160,53219792,TRUE
TBD,TBD,res2net50_26w_8s.in1k,224,78.948,22,22,426.6498032,54781912.73,820142.9374,48.4,48403776,8335965228,48403776,8407203240,61230704,TRUE
TBD,TBD,res2net50_48w_2s.in1k,224,77.536,40,24,876.5180065,28227423.87,384644.7078,25.29,25287304,4159888072,25287304,4206873064,42682832,TRUE
TBD,TBD,res2net50d.in1k,224,80.27,32,72,1008.604312,71385834.92,327696.9671,25.72,25718352,4494867660,25718352,4550788776,48972080,TRUE
TBD,TBD,res2next50.in1k,224,78.236,68,68,991.9675474,68550849.18,334143.1398,24.67,24671464,4172742568,24671464,4227219432,48553424,TRUE
TBD,TBD,resmlp_12_224.fb_distilled_in1k,224,77.948,166,160,1708.419667,93656590.47,194888.2878,15.35,15350872,72905176,15350872,3022460392,22957904,TRUE
TBD,TBD,resmlp_12_224.fb_in1k,224,76.66,166,160,1704.053509,93895605,195474.2103,15.35,15350872,72905176,15350872,3022460392,22957904,TRUE
TBD,TBD,resmlp_24_224.fb_distilled_in1k,224,80.766,82,80,856.0493152,93453392.72,388686.0874,30.02,30020680,87547336,30020680,5986657768,45537104,TRUE
TBD,TBD,resmlp_24_224.fb_in1k,224,79.38,82,80,855.6629983,93496051.79,388760.6113,30.02,30020680,87547336,30020680,5986657768,45537104,TRUE
TBD,TBD,resmlp_36_224.fb_distilled_in1k,224,81.15,22,28,468.4137575,60784482.61,729622.9385,44.69,44690488,102189496,44690488,8950855144,68116304,TRUE
TBD,TBD,resmlp_36_224.fb_in1k,224,79.772,4,5,292.5658946,18875671.93,1274649.846,44.69,44690488,102189496,44690488,8950855144,68116304,TRUE
TBD,TBD,resmlp_big_24_224.fb_distilled_in1k,224,83.594,,,,,,129.14,129138280,245085544,129138280,1.00E+11,364280528,
TBD,TBD,resmlp_big_24_224.fb_in1k,224,81.034,,,,,,129.14,129138280,245085544,129138280,1.00E+11,364280528,
TBD,TBD,resmlp_big_24_224.fb_in22k_ft_in1k,224,84.388,2,2,42.07314035,50761806.59,8390960.111,129.14,129138280,245085544,129138280,1.00E+11,364280528,TRUE
TBD,TBD,resnest101e.in1k,256,82.916,8,6,247.4737073,26226579.11,1385249.675,48.28,48275016,13321623432,48275016,13442112072,125062768,TRUE
TBD,TBD,resnest14d.gluon_in1k,224,75.516,36,20,1179.044009,18131837.85,294522.8514,10.61,10611688,2749430920,10611688,2781725768,32151152,TRUE
TBD,TBD,resnest200e.in1k,320,83.872,2,2,64.21624365,33644012.56,5114420.324,70.2,70201544,35519949320,70201544,35860164552,363656432,TRUE
TBD,TBD,resnest269e.in1k,416,84.54,1,1,29.11442574,37100183.16,10796363.78,110.93,110929480,77349068680,110929480,78052481608,756721264,TRUE
TBD,TBD,resnest26d.gluon_in1k,224,78.476,26,14,824.3826615,18298584.14,421940.2957,17.07,17069448,3623433768,17069448,3666255016,43822352,TRUE
TBD,TBD,resnest50d.in1k,224,80.958,18,18,526.132782,36495513.29,649140.6607,27.48,27483240,5371235592,27483240,5431598024,63275760,TRUE
TBD,TBD,resnest50d_1s4x24d.in1k,224,81.018,18,16,375.9646344,45015114.16,873600.7634,25.68,25677000,4399899240,25677000,4457794600,59896304,TRUE
TBD,TBD,resnest50d_4s2x40d.in1k,224,81.146,14,13,452.9883376,30985174.87,766804.0085,30.42,30417592,4369180120,30417592,4444136216,76396576,TRUE
TBD,TBD,resnet101.a1_in1k,288,82.322,8,6,295.3251195,21927020.36,1185455.216,44.55,44549160,12894969704,44549160,13000203240,105471440,TRUE
TBD,TBD,resnet101.a1_in1k,224,81.494,16,16,570.9946891,29563995.72,608930.1513,44.55,44549160,7801511784,44549160,7865129960,63806928,TRUE
TBD,TBD,resnet101.a1h_in1k,288,82.802,8,6,293.5692526,22096958.46,1191750.979,44.55,44549160,12894969704,44549160,13000203240,105471440,TRUE
TBD,TBD,resnet101.a1h_in1k,224,81.95,16,16,512.1188606,33525334.62,688352.8223,44.55,44549160,7801511784,44549160,7865129960,63806928,TRUE
TBD,TBD,resnet101.a2_in1k,288,82.224,8,6,294.1699818,22044473.76,1190600.411,44.55,44549160,12894969704,44549160,13000203240,105471440,TRUE
TBD,TBD,resnet101.a2_in1k,224,81.344,16,8,527.5042772,16130216.92,653709.6342,44.55,44549160,7801511784,44549160,7865129960,63806928,TRUE
TBD,TBD,resnet101.a3_in1k,224,79.82,16,16,511.294265,33564204.5,689203.4285,44.55,44549160,7801511784,44549160,7865129960,63806928,TRUE
TBD,TBD,resnet101.a3_in1k,160,77.928,32,32,978.6358707,35226717.26,363876.2462,44.55,44549160,3981418344,44549160,4013825000,32558544,TRUE
TBD,TBD,resnet101.gluon_in1k,224,79.306,16,8,524.9134496,16331738.22,656379.8597,44.55,44549160,7801511784,44549160,7865129960,63806928,TRUE
TBD,TBD,resnet101.tv_in1k,224,77.404,16,16,504.6997732,34195907.13,702813.3983,44.55,44549160,7801511784,44549160,7865129960,63806928,TRUE
TBD,TBD,resnet101.tv2_in1k,224,81.906,16,16,505.0849663,34153133.05,701207.2931,44.55,44549160,7801511784,44549160,7865129960,63806928,TRUE
TBD,TBD,resnet101.tv2_in1k,176,79.906,24,24,795.3548084,32503397.84,446801.6544,44.55,44549160,4899966824,44549160,4939448296,39644368,TRUE
TBD,TBD,resnet101c.gluon_in1k,224,79.542,14,15,495.7227631,32545444.05,699783.2819,44.57,44568392,8041152488,44568392,8107981800,67018192,TRUE
TBD,TBD,resnet101d.gluon_in1k,224,80.466,14,15,479.4777953,33682400.72,717478.155,44.57,44568392,8041152488,44568392,8110791656,67570128,TRUE
TBD,TBD,resnet101d.ra2_in1k,320,83.018,4,7,236.6030204,31794616.67,1443131.604,44.57,44568392,16408272872,44568392,16550503400,137889744,TRUE
TBD,TBD,resnet101d.ra2_in1k,256,82.252,12,8,416.4426231,20518180.76,828401.0912,44.57,44568392,10502070248,44568392,10593059816,88252368,TRUE
TBD,TBD,resnet101s.gluon_in1k,224,80.286,14,10,426.8562106,25281655.64,810158.7322,44.67,44672936,9156665576,44672936,9231522792,72838608,TRUE
TBD,TBD,resnet10t.c3_in1k,224,68.346,104,104,4209.493215,26345279.34,83211.11282,5.44,5435488,1097265880,5435488,1109001192,9900752,TRUE
TBD,TBD,resnet10t.c3_in1k,176,66.724,168,160,6086.085887,28239223.17,57953.72347,5.44,5435488,698694872,5435488,705972712,6153296,TRUE
TBD,TBD,resnet14t.c3_in1k,224,72.242,50,44,2158.224552,21885849.41,162203.6463,10.08,10081632,1676842968,10081632,1701610472,22712784,TRUE
TBD,TBD,resnet14t.c3_in1k,176,71.318,80,80,3166.039493,27168642.29,110550.1418,10.08,10081632,1067639256,10081632,1083027944,14139600,TRUE
TBD,TBD,resnet152.a1_in1k,288,82.744,4,6,204.3006422,31628832.46,1693694.013,60.19,60192808,19031544680,60192808,19178535912,147275216,TRUE
TBD,TBD,resnet152.a1_in1k,224,81.998,10,11,338.6205521,34946545.5,1020714.865,60.19,60192808,11513779048,60192808,11602639848,89095632,TRUE
TBD,TBD,resnet152.a1h_in1k,288,83.494,4,6,221.8621686,28167157.45,1487927.814,60.19,60192808,19031544680,60192808,19178535912,147275216,TRUE
TBD,TBD,resnet152.a1h_in1k,224,82.818,10,8,357.8550076,24313724.68,993761.0649,60.19,60192808,11513779048,60192808,11602639848,89095632,TRUE
TBD,TBD,resnet152.a2_in1k,288,82.62,4,6,258.0455938,23528002.72,1305272.535,60.19,60192808,19031544680,60192808,19178535912,147275216,TRUE
TBD,TBD,resnet152.a2_in1k,224,81.764,10,11,426.1001897,26099045.46,789317.5909,60.19,60192808,11513779048,60192808,11602639848,89095632,TRUE
TBD,TBD,resnet152.a3_in1k,224,80.548,10,10,422.9281988,23908614.47,794422.2292,60.19,60192808,11513779048,60192808,11602639848,89095632,TRUE
TBD,TBD,resnet152.a3_in1k,160,78.896,22,20,796.3491313,25549348.2,419469.2914,60.19,60192808,5875454824,60192808,5920717800,45460944,TRUE
TBD,TBD,resnet152.gluon_in1k,224,79.712,10,11,426.0713124,26100818,788854.5452,60.19,60192808,11513779048,60192808,11602639848,89095632,TRUE
TBD,TBD,resnet152.tv_in1k,224,78.33,10,11,425.5396657,26147819.3,791185.8895,60.19,60192808,11513779048,60192808,11602639848,89095632,TRUE
TBD,TBD,resnet152.tv2_in1k,224,82.294,10,10,419.1815188,24238401.23,808422.7749,60.19,60192808,11513779048,60192808,11602639848,89095632,TRUE
TBD,TBD,resnet152.tv2_in1k,176,80.212,18,16,678.6955667,23824487.32,496362.8908,60.19,60192808,7191741288,60192808,7246788584,55256272,TRUE
TBD,TBD,resnet152c.gluon_in1k,224,79.906,10,10,402.3992283,25311167.14,838773.5007,60.21,60212040,11753419752,60212040,11845491688,92306896,TRUE
TBD,TBD,resnet152d.gluon_in1k,224,80.476,10,10,405.4997082,24955225.5,811316.0245,60.21,60212040,11753419752,60212040,11848301544,92858832,TRUE
TBD,TBD,resnet152d.ra2_in1k,320,83.684,4,5,206.2487432,24397925.53,1561760.328,60.21,60212040,23984280552,60212040,24178074600,189499344,TRUE
TBD,TBD,resnet152d.ra2_in1k,256,83.156,8,8,352.144911,22989856.13,957479.116,60.21,60212040,15350731752,60212040,15474705384,121282512,TRUE
TBD,TBD,resnet152s.gluon_in1k,224,81.048,10,10,386.116558,26169210.76,855588.1154,60.32,60316584,12868932840,60316584,12969032680,98127312,TRUE
TBD,TBD,resnet18.a1_in1k,288,73.164,62,52,2189.134739,24121493.03,154091.0039,11.69,11689512,2998450536,11689512,3017020392,17007056,TRUE
TBD,TBD,resnet18.a1_in1k,224,71.488,100,88,3626.672973,24541308.71,91275.87517,11.69,11689512,1814083944,11689512,1825313768,10289616,TRUE
TBD,TBD,resnet18.a2_in1k,288,72.362,62,52,2189.176278,24120937.18,154336.4883,11.69,11689512,2998450536,11689512,3017020392,17007056,TRUE
TBD,TBD,resnet18.a2_in1k,224,70.634,100,88,3598.092563,24858512.18,92453.44641,11.69,11689512,1814083944,11689512,1825313768,10289616,TRUE
TBD,TBD,resnet18.a3_in1k,224,68.246,100,99,3600.560022,27775781.24,92330.83842,11.69,11689512,1814083944,11689512,1825313768,10289616,TRUE
TBD,TBD,resnet18.a3_in1k,160,65.664,200,192,6914.868183,28069417.49,48019.01945,11.69,11689512,925809000,11689512,931533800,5251536,TRUE
TBD,TBD,resnet18.fb_ssl_yfcc100m_ft_in1k,224,72.636,100,88,3626.49703,24538476.39,92236.52307,11.69,11689512,1814083944,11689512,1825313768,10289616,TRUE
TBD,TBD,resnet18.fb_swsl_ig1b_ft_in1k,224,73.288,100,88,3586.95568,24922614.62,93135.02662,11.69,11689512,1814083944,11689512,1825313768,10289616,TRUE
TBD,TBD,resnet18.gluon_in1k,224,70.844,100,222,3788.429545,58605292.51,86241.77719,11.69,11689512,1814083944,11689512,1825313768,10289616,TRUE
TBD,TBD,resnet18.tv_in1k,224,69.752,104,88,3624.883161,24552992.18,91982.04124,11.69,11689512,1814083944,11689512,1825313768,10289616,TRUE
TBD,TBD,resnet18d.ra2_in1k,288,73.794,46,46,1791.356084,26092915.09,187028.0764,11.71,11708744,3394591208,11708744,3419630568,22460624,TRUE
TBD,TBD,resnet18d.ra2_in1k,224,72.268,78,176,2968.888642,60018594.42,110325.297,11.71,11708744,2053724648,11708744,2068868072,13588688,TRUE
TBD,TBD,resnet200d.ra2_in1k,320,83.976,10,2,108.2123444,19844083.83,3053890.74,64.69,64693064,31114621928,64693064,31387034600,268142544,TRUE
TBD,TBD,resnet200d.ra2_in1k,256,83.24,2,3,165.4044047,19485444.59,2018707.626,64.69,64693064,19914159080,64693064,20088439784,171614160,TRUE
TBD,TBD,resnet26.bt_in1k,288,76.378,20,20,840.5154026,25412600.89,412672.1966,16,15995176,3870588008,15995176,3917171688,46747088,TRUE
TBD,TBD,resnet26.bt_in1k,224,75.292,12,29,1372.984807,22793043.24,254665.2765,16,15995176,2342288488,15995176,2370456552,28282320,TRUE
TBD,TBD,resnet26d.bt_in1k,288,77.424,8,6,715.5774957,9251713.184,505644.4327,16.01,16014408,4266728680,16014408,4323265512,52967888,TRUE
TBD,TBD,resnet26d.bt_in1k,224,76.698,14,10,1179.295779,9268300.682,302099.8481,16.01,16014408,2581929192,16014408,2616118248,32045520,TRUE
TBD,TBD,resnet26t.ra2_in1k,320,78.33,44,32,813.6221137,39898622.25,405446.6797,16.01,16011872,5202566360,16011872,5271553000,64776144,TRUE
TBD,TBD,resnet26t.ra2_in1k,256,77.884,18,12,1008.251753,12845876.29,347178.1911,16.01,16011872,3330391256,16011872,3374531560,41459664,TRUE
TBD,TBD,resnet32ts.ra2_in1k,288,79.388,10,6,498.3486754,13044845.02,720916.8659,17.96,17963616,5830343656,17963616,5842629736,108967456,TRUE
TBD,TBD,resnet32ts.ra2_in1k,256,79.054,8,8,674.0613766,12925939.17,529381.7604,17.96,17963616,4607013864,17963616,4616721384,86099872,TRUE
TBD,TBD,resnet33ts.ra2_in1k,288,79.708,4,6,490.7522642,13248642.21,733873.3751,19.68,19676256,5989340136,19676256,6001688424,109360416,TRUE
TBD,TBD,resnet33ts.ra2_in1k,256,79.216,10,8,675.0805389,12802840.53,526345.0791,19.68,19676256,4732586984,19676256,4742343656,86410144,TRUE
TBD,TBD,resnet34.a1_in1k,288,77.938,24,20,869.8953463,24976070.03,406796.7141,21.8,21797672,6056105576,21797672,6082962408,26338256,TRUE
TBD,TBD,resnet34.a1_in1k,224,76.414,40,32,1533.193792,22363850.22,227843.7084,21.8,21797672,3663779432,21797672,3680019432,15934416,TRUE
TBD,TBD,resnet34.a2_in1k,288,77.148,24,20,871.0464657,24918091.53,406522.746,21.8,21797672,6056105576,21797672,6082962408,26338256,TRUE
TBD,TBD,resnet34.a2_in1k,224,75.516,40,203,2095.083119,96902095.76,152966.071,21.8,21797672,3663779432,21797672,3680019432,15934416,TRUE
TBD,TBD,resnet34.a3_in1k,224,72.982,204,16,1490.728435,10948156.02,227418.976,21.8,21797672,3663779432,21797672,3680019432,15934416,TRUE
TBD,TBD,resnet34.a3_in1k,160,70.572,80,80,2909.281395,29463331.62,119660.8992,21.8,21797672,1869534824,21797672,1877812200,8131536,TRUE
TBD,TBD,resnet34.bt_in1k,288,76.508,24,26,867.2464393,32168271.08,406911.928,21.8,21797672,6056105576,21797672,6082962408,26338256,TRUE
TBD,TBD,resnet34.bt_in1k,224,75.162,42,36,1494.739579,25869569.6,228602.2829,21.8,21797672,3663779432,21797672,3680019432,15934416,TRUE
TBD,TBD,resnet34.gluon_in1k,224,74.574,44,32,1506.802936,22655894.42,233969.9422,21.8,21797672,3663779432,21797672,3680019432,15934416,TRUE
TBD,TBD,resnet34.tv_in1k,224,73.298,8,176,2113.850015,83743263.69,156034.2926,21.8,21797672,3663779432,21797672,3680019432,15934416,TRUE
TBD,TBD,resnet34d.ra2_in1k,288,78.44,74,72,1093.274072,66583966.62,305444.887,21.82,21816904,6452246248,21816904,6485572584,31791824,TRUE
TBD,TBD,resnet34d.ra2_in1k,224,77.104,122,88,1870.426712,47424430.74,176649.6694,21.82,21816904,3903420136,21816904,3923573736,19233488,TRUE
TBD,TBD,resnet50.a1_in1k,288,81.24,32,32,664.4683874,48447462.7,499730.1746,25.56,25557032,6758388584,25557032,6829833192,71630288,TRUE
TBD,TBD,resnet50.a1_in1k,224,80.382,48,44,996.4942672,47513514.5,358108.8993,25.56,25557032,4089238376,25557032,4132436968,43335120,TRUE
TBD,TBD,resnet50.a1h_in1k,224,80.652,48,44,1114.759045,39758761.18,298313.7533,25.56,25557032,4089238376,25557032,4132436968,43335120,TRUE
TBD,TBD,resnet50.a1h_in1k,176,79.26,76,64,1718.529477,37686341.46,195183.6514,25.56,25557032,2608186216,25557032,2635081704,27006160,TRUE
TBD,TBD,resnet50.a2_in1k,288,80.78,32,12,480.1902966,27604260.66,773745.2558,25.56,25557032,6758388584,25557032,6829833192,71630288,TRUE
TBD,TBD,resnet50.a2_in1k,224,79.828,48,44,1109.073717,40143495.52,299998.6046,25.56,25557032,4089238376,25557032,4132436968,43335120,TRUE
TBD,TBD,resnet50.a3_in1k,224,78.052,48,48,1096.327418,44097506.98,298101.778,25.56,25557032,4089238376,25557032,4132436968,43335120,TRUE
TBD,TBD,resnet50.a3_in1k,160,75.994,94,80,2085.017876,38841372.45,156430.3465,25.56,25557032,2087375720,25557032,2109389800,22113744,TRUE
TBD,TBD,resnet50.am_in1k,224,79.004,48,48,1080.650415,44935142.63,302773.5895,25.56,25557032,4089238376,25557032,4132436968,43335120,TRUE
TBD,TBD,resnet50.b1k_in1k,288,80.706,28,26,646.3001212,40593078.72,502520.3339,25.56,25557032,6758388584,25557032,6829833192,71630288,TRUE
TBD,TBD,resnet50.b1k_in1k,224,79.564,48,48,1072.095395,45352870.22,306144.3538,25.56,25557032,4089238376,25557032,4132436968,43335120,TRUE
TBD,TBD,resnet50.b2k_in1k,288,80.47,28,28,634.9774004,44615532.89,510883.7098,25.56,25557032,6758388584,25557032,6829833192,71630288,TRUE
TBD,TBD,resnet50.b2k_in1k,224,79.38,48,44,1079.423028,41072142.87,300967.4663,25.56,25557032,4089238376,25557032,4132436968,43335120,TRUE
TBD,TBD,resnet50.bt_in1k,288,79.652,28,26,648.754633,40388419.47,505365.3881,25.56,25557032,6758388584,25557032,6829833192,71630288,TRUE
TBD,TBD,resnet50.bt_in1k,224,78.432,48,48,1074.698161,45206109.35,301934.2396,25.56,25557032,4089238376,25557032,4132436968,43335120,TRUE
TBD,TBD,resnet50.c1_in1k,288,80.928,28,26,646.7506479,40562199.79,504795.1539,25.56,25557032,6758388584,25557032,6829833192,71630288,TRUE
TBD,TBD,resnet50.c1_in1k,224,79.766,48,48,1071.889862,45401296.78,307002.5473,25.56,25557032,4089238376,25557032,4132436968,43335120,TRUE
TBD,TBD,resnet50.c2_in1k,288,80.856,28,28,635.5469666,44616670.48,505495.1113,25.56,25557032,6758388584,25557032,6829833192,71630288,TRUE
TBD,TBD,resnet50.c2_in1k,224,79.868,48,44,1084.939312,40866072.46,298167.4444,25.56,25557032,4089238376,25557032,4132436968,43335120,TRUE
TBD,TBD,resnet50.d_in1k,288,81.012,28,26,645.4910399,40653610.32,500635.3475,25.56,25557032,6758388584,25557032,6829833192,71630288,TRUE
TBD,TBD,resnet50.d_in1k,224,79.904,48,44,1088.852908,40874508.92,300125.879,25.56,25557032,4089238376,25557032,4132436968,43335120,TRUE
TBD,TBD,resnet50.fb_ssl_yfcc100m_ft_in1k,224,79.252,48,48,1073.372012,45262570.08,304798.219,25.56,25557032,4089238376,25557032,4132436968,43335120,TRUE
TBD,TBD,resnet50.fb_swsl_ig1b_ft_in1k,224,81.146,48,48,1084.921439,44579716.31,298959.3841,25.56,25557032,4089238376,25557032,4132436968,43335120,TRUE
TBD,TBD,resnet50.gluon_in1k,224,77.58,48,36,1048.880048,34732966.55,305315.8369,25.56,25557032,4089238376,25557032,4132436968,43335120,TRUE
TBD,TBD,resnet50.ra_in1k,288,79.86,28,28,636.5103595,44538999.27,505704.5028,25.56,25557032,6758388584,25557032,6829833192,71630288,TRUE
TBD,TBD,resnet50.ra_in1k,224,78.814,48,48,1077.842602,45000270.34,300270.2769,25.56,25557032,4089238376,25557032,4132436968,43335120,TRUE
TBD,TBD,resnet50.ram_in1k,288,79.974,28,26,643.9611789,40775574.43,507762.0723,25.56,25557032,6758388584,25557032,6829833192,71630288,TRUE
TBD,TBD,resnet50.ram_in1k,224,79.032,48,48,1069.064795,45515069.8,305479.2129,25.56,25557032,4089238376,25557032,4132436968,43335120,TRUE
TBD,TBD,resnet50.tv_in1k,224,76.156,48,44,1088.870215,40726992.05,303804.664,25.56,25557032,4089238376,25557032,4132436968,43335120,TRUE
TBD,TBD,resnet50.tv2_in1k,224,80.844,48,44,1071.234326,41589900.54,308259.7518,25.56,25557032,4089238376,25557032,4132436968,43335120,TRUE
TBD,TBD,resnet50.tv2_in1k,176,79.432,76,76,1698.850194,45261514.51,193352.8473,25.56,25557032,2608186216,25557032,2635081704,27006160,TRUE
TBD,TBD,resnet50_gn.a1h_in1k,288,81.208,28,26,577.6617841,45411140,566189.3455,25.56,25557032,6758388584,25557032,6793089000,71630288,TRUE
TBD,TBD,resnet50_gn.a1h_in1k,224,80.066,48,44,954.0910051,46673775.51,344012.2329,25.56,25557032,4089238376,25557032,4110209000,43335120,TRUE
TBD,TBD,resnet50c.gluon_in1k,224,78.016,44,44,1029.67713,43238551.83,319840.7937,25.58,25576264,4328879080,25576264,4375288808,46546384,TRUE
TBD,TBD,resnet50d.a1_in1k,288,81.444,56,20,456.8331555,46004748.15,743270.5414,25.58,25576264,7154529256,25576264,7235927016,77851088,TRUE
TBD,TBD,resnet50d.a1_in1k,224,80.73,32,28,739.0704728,39843077.48,461000.4373,25.58,25576264,4328879080,25576264,4378098664,47098320,TRUE
TBD,TBD,resnet50d.a2_in1k,288,81.168,22,16,457.485115,36840165.5,732635.9277,25.58,25576264,7154529256,25576264,7235927016,77851088,TRUE
TBD,TBD,resnet50d.a2_in1k,224,80.268,34,34,760.82127,46976670.4,447970.9457,25.58,25576264,4328879080,25576264,4378098664,47098320,TRUE
TBD,TBD,resnet50d.a3_in1k,224,78.742,66,45,987.1210671,46104740.92,326656.888,25.58,25576264,4328879080,25576264,4378098664,47098320,TRUE
TBD,TBD,resnet50d.a3_in1k,160,77.222,88,87,2026.386149,43170695.47,162523.3892,25.58,25576264,2209641448,25576264,2234727400,24033744,TRUE
TBD,TBD,resnet50d.gluon_in1k,224,79.08,44,44,1029.222442,43200580.98,321034.1069,25.58,25576264,4328879080,25576264,4378098664,47098320,TRUE
TBD,TBD,resnet50d.ra2_in1k,288,81.35,26,26,610.8162738,43034374.87,543161.8334,25.58,25576264,7154529256,25576264,7235927016,77851088,TRUE
TBD,TBD,resnet50d.ra2_in1k,224,80.548,44,44,1033.119192,42925682.98,320910.218,25.58,25576264,4328879080,25576264,4378098664,47098320,TRUE
TBD,TBD,resnet50d.ra4_e3600_r224_in1k,288,81.83,26,26,608.9893267,43091991.48,535170.9232,25.58,25576264,7154529256,25576264,7235927016,77851088,TRUE
TBD,TBD,resnet50d.ra4_e3600_r224_in1k,224,80.956,44,44,1027.153425,43359975.61,320751.9955,25.58,25576264,4328879080,25576264,4378098664,47098320,TRUE
TBD,TBD,resnet50s.gluon_in1k,224,78.71,38,36,878.6359342,41268525.65,364366.7791,25.68,25680808,5444392168,25680808,5498829800,52366800,TRUE
TBD,TBD,resnet51q.ra2_in1k,288,82.356,16,20,369.2337953,54788338.37,882124.7444,35.7,35696920,8033848296,35696920,8051515368,150638496,TRUE
TBD,TBD,resnet51q.ra2_in1k,256,81.778,26,8,488.8324013,16511667.13,670058.9218,35.7,35696920,6348162024,35696920,6362121192,119025568,TRUE
TBD,TBD,resnet61q.ra2_in1k,288,82.524,18,18,422.6067657,43109489.14,797377.1885,36.85,36846968,9824609256,36846968,9843852264,148979616,TRUE
TBD,TBD,resnet61q.ra2_in1k,256,81.966,24,16,566.3945464,28487193.05,593541.1796,36.85,36846968,7763084264,36846968,7778288616,117714848,TRUE
TBD,TBD,resnetaa101d.sw_in12k_ft_in1k,288,84.102,20,20,343.5938471,58874512.18,961213.9953,44.57,44568392,15011037160,44568392,15132029928,115175888,TRUE
TBD,TBD,resnetaa101d.sw_in12k_ft_in1k,224,83.544,32,32,602.1910314,53559231.92,556427.3741,44.57,44568392,9081602024,44568392,9154753512,69677520,TRUE
TBD,TBD,resnetaa50.a1h_in1k,288,81.604,32,32,600.1376735,53741804.97,547123.1867,25.56,25557032,8478315368,25557032,8555566056,75113936,TRUE
TBD,TBD,resnetaa50.a1h_in1k,224,80.614,52,48,993.8857418,48848798.65,329055.2168,25.56,25557032,5129687912,25557032,5176398824,45442512,TRUE
TBD,TBD,resnetaa50d.sw_in12k_ft_in1k,288,82.644,24,22,552.5207412,40320129.01,597311.3943,25.58,25576264,8874456040,25576264,8961659880,81334736,TRUE
TBD,TBD,resnetaa50d.sw_in12k_ft_in1k,224,81.782,40,40,910.7834492,44388274.55,359105.4046,25.58,25576264,5369328616,25576264,5422060520,49205712,TRUE
TBD,TBD,resnetblur50.bt_in1k,288,80.248,22,22,558.8365083,39733983.16,584144.3551,25.56,25557032,8478315368,25557032,8553243624,76772816,TRUE
TBD,TBD,resnetblur50.bt_in1k,224,79.306,38,38,941.5416845,40767505.94,349757.2651,25.56,25557032,5129687912,25557032,5174993896,46446032,TRUE
TBD,TBD,resnetrs101.tf_in1k,288,82.294,14,11,310.3000812,35809990.88,1063156.393,63.62,63618696,13501226792,63618696,13615102504,127541008,TRUE
TBD,TBD,resnetrs101.tf_in1k,192,80.71,32,32,639.9012422,50531751.84,476568.5655,63.62,63618696,6012305192,63618696,6062866984,56739088,TRUE
TBD,TBD,resnetrs152.tf_in1k,320,83.71,4,5,166.4036517,30446682.51,1820023.741,86.62,86621576,24246582824,86621576,24438762280,217688592,TRUE
TBD,TBD,resnetrs152.tf_in1k,256,82.886,12,12,293.2868577,41607252.88,1109437.499,86.62,86621576,15528099368,86621576,15651048232,139371024,TRUE
TBD,TBD,resnetrs200.tf_in1k,320,84.446,4,5,127.7082571,39526072.28,2386154.3,93.21,93209992,31379031592,93209992,31649833768,309461520,TRUE
TBD,TBD,resnetrs200.tf_in1k,256,83.886,8,8,212.1852558,38159091.44,1499034.373,93.21,93209992,20093634088,93209992,20266894120,198113808,TRUE
TBD,TBD,resnetrs270.tf_in1k,352,84.44,2,3,74.8936093,40259318.22,3968066.993,129.86,129861448,50915497960,129861448,51336815464,483758928,TRUE
TBD,TBD,resnetrs270.tf_in1k,256,83.594,4,6,143.7086327,42242604.15,2082715.825,129.86,129861448,26950531048,129861448,27173280616,255977808,TRUE
TBD,TBD,resnetrs350.tf_in1k,384,84.722,2,2,43.56401152,46325548.61,6251173.694,163.96,163956168,77281490536,163956168,77899659496,711983312,TRUE
TBD,TBD,resnetrs350.tf_in1k,288,84.308,2,3,74.32066616,40838700.67,3762345.119,163.96,163956168,43494233704,163956168,43841839336,400616144,TRUE
TBD,TBD,resnetrs420.tf_in1k,416,85.014,1,1,30.41120232,33641621.93,9108285.341,191.89,191891656,1.08E+11,191891656,1.09E+11,985807824,TRUE
TBD,TBD,resnetrs420.tf_in1k,320,84.25,2,2,43.51767071,47110137.55,7136995.042,191.89,191891656,63942867304,191891656,64448208360,583457232,TRUE
TBD,TBD,resnetrs50.tf_in1k,224,79.916,34,32,894.1872345,36189700.34,372213.5942,35.69,35691912,4454563368,35691912,4502987560,53261328,TRUE
TBD,TBD,resnetrs50.tf_in1k,160,77.85,70,70,1719.431337,41059430.16,191694.5156,35.69,35691912,2278702632,35691912,2303386408,27198480,TRUE
TBD,TBD,resnetv2_101.a1h_in1k,288,83.002,20,12,383.7410443,31620295.22,860295.5309,44.54,44541480,12894864360,44541480,12944547816,137201568,TRUE
TBD,TBD,resnetv2_101.a1h_in1k,224,82.042,32,32,669.7828291,48125748.19,494369.9477,44.54,44541480,7801406440,44541480,7831461864,83003296,TRUE
TBD,TBD,resnetv2_101x1_bit.goog_in21k_ft_in1k,448,82.332,8,8,144.921038,55862402.02,2290954.644,44.54,44541480,31199478760,44541480,122385896,335245472,TRUE
TBD,TBD,resnetv2_101x3_bit.goog_in21k_ft_in1k,448,84.43,,,,,,387.93,387934888,2.78E+11,387934888,367155688,1005728416,
TBD,TBD,resnetv2_152x2_bit.goog_in21k_ft_in1k,448,84.48,1,1,24.17275802,41875537.86,13034693.65,236.34,236335208,1.83E+11,236335208,345925608,940233120,TRUE
TBD,TBD,resnetv2_152x2_bit.goog_teacher_in21k_ft_in1k,224,82.916,4,6,108.608011,55675658.28,3011383.835,236.34,236335208,45814383592,236335208,89612264,235102624,TRUE
TBD,TBD,resnetv2_152x2_bit.goog_teacher_in21k_ft_in1k_384,384,83.882,2,2,36.93399104,54772545.68,8882234.553,236.34,236335208,1.35E+11,236335208,255264744,690803104,TRUE
TBD,TBD,resnetv2_152x4_bit.goog_in21k_ft_in1k,480,84.924,,,,,,936.53,936533224,8.39E+11,936533224,792968168,2158670752,
TBD,TBD,resnetv2_50.a1h_in1k,288,81.408,32,32,694.9900062,46608822.47,471533.2362,25.55,25549352,6758335464,25549352,6791098344,92080032,TRUE
TBD,TBD,resnetv2_50.a1h_in1k,224,80.406,52,40,1167.152384,34562937.2,283987.7339,25.55,25549352,4089185256,25549352,4109004776,55707552,TRUE
TBD,TBD,resnetv2_50d_evos.ah_in1k,288,82,10,10,322.0259872,31444357.29,1025451.349,25.59,25591368,7154521576,25591368,7162108488,65869728,TRUE
TBD,TBD,resnetv2_50d_evos.ah_in1k,224,80.828,16,16,531.3136709,30492064.25,616691.0134,25.59,25591368,4328871400,25591368,4333443656,39851936,TRUE
TBD,TBD,resnetv2_50d_gn.ah_in1k,288,81.962,28,28,593.4439165,47467119.68,556871.3704,25.57,25568584,7154476008,25568584,7194537960,98300832,TRUE
TBD,TBD,resnetv2_50d_gn.ah_in1k,224,80.794,48,44,946.986528,47004952.46,349191.7994,25.57,25568584,4328825832,25568584,4353060840,59470752,TRUE
TBD,TBD,resnetv2_50x1_bit.goog_distilled_in1k,224,82.82,52,116,1237.829026,93712583.77,266940.7334,25.55,25549352,4089185256,25549352,21926376,56539296,TRUE
TBD,TBD,resnetv2_50x1_bit.goog_in21k_ft_in1k,448,80.378,28,22,304.6988099,72487141.86,1074955.224,25.55,25549352,16350594024,25549352,81442280,226062496,TRUE
TBD,TBD,resnetv2_50x3_bit.goog_in21k_ft_in1k,448,83.992,4,3,35.78125699,88881809.61,9688905.162,217.32,217319080,1.44E+11,217319080,244324840,678179488,TRUE
TBD,TBD,resnext101_32x16d.fb_ssl_yfcc100m_ft_in1k,224,81.88,10,,,,,194.03,194026792,36163623016,194026792,36366803944,199909328,
TBD,TBD,resnext101_32x16d.fb_swsl_ig1b_ft_in1k,224,83.346,10,8,153.2542301,55835147.83,2327054.402,194.03,194026792,36163623016,194026792,36366803944,199909328,TRUE
TBD,TBD,resnext101_32x16d.fb_wsl_ig1b_ft_in1k,224,84.164,10,8,131.9592349,64871515.94,2682467.56,194.03,194026792,36163623016,194026792,36366803944,199909328,TRUE
TBD,TBD,resnext101_32x32d.fb_wsl_ig1b_ft_in1k,224,85.098,4,4,45.18329698,93470700.15,7689581.981,468.53,468530472,87107375208,468530472,87470056424,355454928,TRUE
TBD,TBD,resnext101_32x4d.fb_ssl_yfcc100m_ft_in1k,224,80.936,30,30,419.5733407,75941467.55,831084.8741,44.18,44177704,7970135656,44177704,8053691368,83250128,TRUE
TBD,TBD,resnext101_32x4d.fb_swsl_ig1b_ft_in1k,224,83.268,30,24,431.2489931,58992425.57,815706.117,44.18,44177704,7970135656,44177704,8053691368,83250128,TRUE
TBD,TBD,resnext101_32x4d.gluon_in1k,224,80.336,30,30,418.7086503,76036927.2,832288.9085,44.18,44177704,7970135656,44177704,8053691368,83250128,TRUE
TBD,TBD,resnext101_32x8d.fb_ssl_yfcc100m_ft_in1k,224,81.62,18,16,253.1654724,67200141.16,1392873.916,88.79,88791336,16414219368,88791336,16537650152,122136528,TRUE
TBD,TBD,resnext101_32x8d.fb_swsl_ig1b_ft_in1k,224,84.282,18,8,284.4454566,29696725.88,1233594.959,88.79,88791336,16414219368,88791336,16537650152,122136528,TRUE
TBD,TBD,resnext101_32x8d.fb_wsl_ig1b_ft_in1k,224,82.72,18,16,252.576789,67363895.89,1407489.629,88.79,88791336,16414219368,88791336,16537650152,122136528,TRUE
TBD,TBD,resnext101_32x8d.tv_in1k,224,79.314,18,16,251.6818667,67645445.2,1411615.392,88.79,88791336,16414219368,88791336,16537650152,122136528,TRUE
TBD,TBD,resnext101_32x8d.tv2_in1k,224,82.832,18,16,253.2418315,67233815.88,1399920.583,88.79,88791336,16414219368,88791336,16537650152,122136528,TRUE
TBD,TBD,resnext101_32x8d.tv2_in1k,176,81.99,32,32,403.1560061,82744715.01,871390.6201,88.79,88791336,10287123560,88791336,10363669480,75839440,TRUE
TBD,TBD,resnext101_64x4d.c1_in1k,288,83.158,12,3,160.1149509,20332793.4,2267220.174,83.46,83455272,25555639400,83455272,25759810536,201893840,TRUE
TBD,TBD,resnext101_64x4d.c1_in1k,224,82.446,18,12,255.5197858,50049051.72,1394518.322,83.46,83455272,15460473960,83455272,15583904744,122136528,TRUE
TBD,TBD,resnext101_64x4d.gluon_in1k,224,80.64,18,12,255.9558967,50055549.22,1399036.367,83.46,83455272,15460473960,83455272,15583904744,122136528,TRUE
TBD,TBD,resnext101_64x4d.tv_in1k,224,82.978,18,12,292.822596,43745167.5,1217574.856,83.46,83455272,15460473960,83455272,15583904744,122136528,TRUE
TBD,TBD,resnext26ts.ra2_in1k,288,77.182,36,36,530.2879677,71307874.78,635611.6185,10.3,10297952,3043937256,10297952,3057747432,94941600,TRUE
TBD,TBD,resnext26ts.ra2_in1k,256,76.774,48,44,667.0730868,69962522.82,512682.8139,10.3,10297952,2405516264,10297952,2416428008,75018144,TRUE
TBD,TBD,resnext50_32x4d.a1_in1k,288,81.484,28,26,448.9354413,61688830.37,794400.5736,25.03,25028904,6991973992,25028904,7085134824,92490704,TRUE
TBD,TBD,resnext50_32x4d.a1_in1k,224,80.526,46,24,826.3122469,30694016.62,426127.8317,25.03,25028904,4230549096,25028904,4286878696,55954384,TRUE
TBD,TBD,resnext50_32x4d.a1h_in1k,288,82.012,28,26,450.4862257,61495395.44,794886.3292,25.03,25028904,6991973992,25028904,7085134824,92490704,TRUE
TBD,TBD,resnext50_32x4d.a1h_in1k,224,81.14,46,44,753.5022853,62073937.5,474233.6235,25.03,25028904,4230549096,25028904,4286878696,55954384,TRUE
TBD,TBD,resnext50_32x4d.a2_in1k,288,81.298,28,26,519.0460702,53352778.13,678092.7636,25.03,25028904,6991973992,25028904,7085134824,92490704,TRUE
TBD,TBD,resnext50_32x4d.a2_in1k,224,80.444,46,32,782.1164671,43530822.83,451518.4418,25.03,25028904,4230549096,25028904,4286878696,55954384,TRUE
TBD,TBD,resnext50_32x4d.a3_in1k,224,79.252,46,44,751.9958216,62247627.21,470516.6205,25.03,25028904,4230549096,25028904,4286878696,55954384,TRUE
TBD,TBD,resnext50_32x4d.a3_in1k,160,77.734,92,90,1406.487103,67951183.88,253353.6,25.03,25028904,2159480424,25028904,2188186600,28552144,TRUE
TBD,TBD,resnext50_32x4d.fb_ssl_yfcc100m_ft_in1k,224,80.316,46,16,818.3383862,20744912.75,428682.6262,25.03,25028904,4230549096,25028904,4286878696,55954384,TRUE
TBD,TBD,resnext50_32x4d.fb_swsl_ig1b_ft_in1k,224,82.162,46,46,746.9574648,65527246.31,472875.4772,25.03,25028904,4230549096,25028904,4286878696,55954384,TRUE
TBD,TBD,resnext50_32x4d.gluon_in1k,224,79.354,46,44,747.1456883,62713509.94,472212.532,25.03,25028904,4230549096,25028904,4286878696,55954384,TRUE
TBD,TBD,resnext50_32x4d.ra_in1k,288,80.706,28,6,478.9966494,13391408.82,737356.2918,25.03,25028904,6991973992,25028904,7085134824,92490704,TRUE
TBD,TBD,resnext50_32x4d.ra_in1k,224,79.8,46,44,745.1176701,62854625.14,474604.8499,25.03,25028904,4230549096,25028904,4286878696,55954384,TRUE
TBD,TBD,resnext50_32x4d.tv_in1k,224,77.632,46,44,745.9384911,62752276.78,473186.2489,25.03,25028904,4230549096,25028904,4286878696,55954384,TRUE
TBD,TBD,resnext50_32x4d.tv2_in1k,224,81.176,46,44,787.1702901,58348072.7,441933.4176,25.03,25028904,4230549096,25028904,4286878696,55954384,TRUE
TBD,TBD,resnext50_32x4d.tv2_in1k,176,79.374,76,76,1168.129675,69135757.54,302090.1884,25.03,25028904,2689965672,25028904,2725020648,34858448,TRUE
TBD,TBD,resnext50d_32x4d.bt_in1k,288,80.68,26,26,425.5997979,64716253.17,826177.4384,25.05,25048136,7388114664,25048136,7491228648,98711504,TRUE
TBD,TBD,resnext50d_32x4d.bt_in1k,224,79.672,44,44,714.2400133,65788070.66,497307.2904,25.05,25048136,4470189800,25048136,4532540392,59717584,TRUE
TBD,TBD,rexnet_100.nav_in1k,224,77.846,56,44,1847.498117,25440738.46,191948.1,4.8,4796873,398381721,4796873,405289939,41634205,TRUE
TBD,TBD,rexnet_130.nav_in1k,224,79.49,42,40,1317.106065,32622849.28,271422.7959,7.56,7557091,662243529,7557091,671262001,54347223,TRUE
TBD,TBD,rexnet_150.nav_in1k,224,80.31,36,32,1140.084846,30188030.93,314116.169,9.73,9728593,875844649,9728593,886250489,62714203,TRUE
TBD,TBD,rexnet_200.nav_in1k,224,81.64,28,26,967.2745186,28503557.44,363333.0305,16.37,16366620,1528872446,16366620,1542710936,83400244,TRUE
TBD,TBD,rexnet_300.nav_in1k,224,82.78,18,14,486.3201503,30847392.55,736749.5792,34.71,34708792,3396012616,34708792,3416811952,125345914,TRUE
TBD,TBD,rexnetr_200.sw_in12k_ft_in1k,288,83.17,14,4,410.4361815,10753118.95,863576.8815,16.52,16522432,2573335760,16522432,2596513664,139715144,TRUE
TBD,TBD,rexnetr_200.sw_in12k_ft_in1k,224,82.608,2,3,479.6302115,7098575.831,737737.3386,16.52,16522432,1559375568,16522432,1573397888,84539464,TRUE
TBD,TBD,rexnetr_300.sw_in12k_ft_in1k,288,84.586,1,1,149.9790576,7406104.091,2298689.605,34.81,34810008,5518808728,34810008,5552825144,204926128,TRUE
TBD,TBD,rexnetr_300.sw_in12k_ft_in1k,224,84.036,1,1,161.7736365,6648396.321,2024118.75,34.81,34810008,3343706776,34810008,3364286264,123997360,TRUE
TBD,TBD,sebotnet33ts_256.a1h_in1k,256,81.152,2,4,405.5051359,11200542.51,918771.7802,13.7,13701984,3463833512,13701984,3473221672,85142368,TRUE
TBD,TBD,sehalonet33ts.ra2_in1k,256,80.972,4,4,422.4448235,10774816.66,877427.9597,13.69,13691712,3413501864,13691712,3422627880,82516832,TRUE
TBD,TBD,selecsls42b.in1k,224,77.186,14,11,1115.779243,11141796.63,329558.9894,32.46,32458248,2971945128,32458248,2990419944,5619712,TRUE
TBD,TBD,selecsls60.in1k,224,77.986,12,9,1011.845725,9841604.692,348139.3447,30.67,30670768,3581032528,30670768,3603119928,5619712,TRUE
TBD,TBD,selecsls60b.in1k,224,78.41,12,88,1387.975559,67468517.03,250743.8521,32.77,32774064,3618525264,32774064,3640604472,5619712,TRUE
TBD,TBD,semnasnet_075.rmsp_in1k,224,73.008,116,115,3110.050214,39460528.68,111842.3739,2.91,2912278,223452766,2912278,233568218,26916156,TRUE
TBD,TBD,semnasnet_100.rmsp_in1k,224,75.464,102,96,2646.251216,38835536.21,133330.6031,3.89,3887038,311584310,3887038,322971490,30355116,TRUE
TBD,TBD,senet154.gluon_in1k,224,81.258,12,12,164.1381906,77853106.2,2144286.314,115.09,115088984,20688662936,115088984,20843364856,172116192,TRUE
TBD,TBD,sequencer2d_l.in1k,224,83.41,22,16,179.3196639,93285398.35,1939692.08,54.3,54298216,7041225448,54298216,16622411752,983040,TRUE
TBD,TBD,sequencer2d_m.in1k,224,82.838,34,34,281.0663356,126538857.7,1235222.745,38.31,38307688,4754394088,38307688,11137834984,983040,TRUE
TBD,TBD,sequencer2d_s.in1k,224,82.336,44,44,364.4580792,126321454.4,953910.2235,27.65,27651688,3610999528,27651688,8401641448,983040,TRUE
TBD,TBD,seresnet152d.ra2_in1k,320,84.354,10,5,161.466946,33314046.79,2081752.822,66.84,66841080,23990909592,66841080,24184709624,216432864,TRUE
TBD,TBD,seresnet152d.ra2_in1k,256,83.694,16,14,271.1200821,55096035.75,1278722.389,66.84,66841080,15357360792,66841080,15481340408,138557664,TRUE
TBD,TBD,seresnet33ts.ra2_in1k,288,80.814,32,32,599.622863,56862348.41,588587.357,19.78,19779200,5989443080,19779200,6001791688,109365760,TRUE
TBD,TBD,seresnet33ts.ra2_in1k,256,80.372,42,42,789.231578,56718578.18,445620.1363,19.78,19779200,4732689928,19779200,4742446920,86415488,TRUE
TBD,TBD,seresnet50.a1_in1k,288,81.104,30,30,578.266806,54885145.98,595692.1626,28.09,28088024,6760919576,28088024,6832366072,80787168,TRUE
TBD,TBD,seresnet50.a1_in1k,224,80.012,48,44,829.201397,56651014.47,417006.8262,28.09,28088024,4091769368,28088024,4134969848,48887520,TRUE
TBD,TBD,seresnet50.a2_in1k,288,81.092,30,26,496.1911509,55944104.23,695487.3217,28.09,28088024,6760919576,28088024,6832366072,80787168,TRUE
TBD,TBD,seresnet50.a2_in1k,224,80.102,48,48,866.7490407,57880530.06,390124.2382,28.09,28088024,4091769368,28088024,4134969848,48887520,TRUE
TBD,TBD,seresnet50.a3_in1k,224,77.036,48,44,825.9544162,56887753.44,422907.8241,28.09,28088024,4091769368,28088024,4134969848,48887520,TRUE
TBD,TBD,seresnet50.a3_in1k,160,75.1,96,80,1587.043706,53791350.75,222297.2783,28.09,28088024,2089906712,28088024,2111922680,24962784,TRUE
TBD,TBD,seresnet50.ra2_in1k,288,81.282,30,30,569.397685,55515326.62,606024.9784,28.09,28088024,6760919576,28088024,6832366072,80787168,TRUE
TBD,TBD,seresnet50.ra2_in1k,224,80.26,48,44,828.2260772,56749019.61,421558.6822,28.09,28088024,4091769368,28088024,4134969848,48887520,TRUE
TBD,TBD,seresnext101_32x4d.gluon_in1k,224,80.886,26,24,370.7898055,68940325.2,957420.5665,48.96,48955416,7974913368,48955416,8058473144,92252576,TRUE
TBD,TBD,seresnext101_32x8d.ah_in1k,288,84.194,10,10,129.2501538,82194602.97,2714087.191,93.57,93569048,27137016664,93569048,27341191864,216728992,TRUE
TBD,TBD,seresnext101_32x8d.ah_in1k,224,83.618,16,16,244.456057,68179386.29,1414667.664,93.57,93569048,16418997080,93569048,16542431928,131138976,TRUE
TBD,TBD,seresnext101_64x4d.gluon_in1k,224,80.886,18,16,231.5297464,73414968.65,1541430.123,88.23,88232984,15465251672,88232984,15588686520,131138976,TRUE
TBD,TBD,seresnext101d_32x8d.ah_in1k,288,84.402,10,10,126.3548944,83967316.72,2779824.184,93.59,93588280,27533157336,93588280,27747285688,222949792,TRUE
TBD,TBD,seresnext101d_32x8d.ah_in1k,224,83.7,16,16,221.8733289,76732205.72,1598198.977,93.59,93588280,16658637784,93588280,16788093624,134902176,TRUE
TBD,TBD,seresnext26d_32x4d.bt_in1k,288,78.826,34,34,744.9193702,48073289.5,469908.5297,16.81,16809512,4480473800,16809512,4550440840,70527344,TRUE
TBD,TBD,seresnext26d_32x4d.bt_in1k,224,77.586,58,56,1042.845966,57279036.29,340415.6268,16.81,16809512,2711788232,16809512,2754099080,42674544,TRUE
TBD,TBD,seresnext26t_32x4d.bt_in1k,288,78.738,36,36,630.0366386,60966567.29,565579.8756,16.81,16806976,4428219064,16806976,4497522568,70029680,TRUE
TBD,TBD,seresnext26t_32x4d.bt_in1k,224,77.98,54,52,997.6377891,55393177.61,353079.1482,16.81,16806976,2680177336,16806976,2722086792,42373488,TRUE
TBD,TBD,seresnext26ts.ch_in1k,288,78.292,14,12,478.1655242,26647449.6,699704.6697,10.39,10388064,3044027368,10388064,3057837800,94945824,TRUE
TBD,TBD,seresnext26ts.ch_in1k,256,77.856,20,16,598.5300247,28683073.3,568274.5771,10.39,10388064,2405606376,10388064,2416518376,75022368,TRUE
TBD,TBD,seresnext50_32x4d.gluon_in1k,224,79.918,14,15,566.9934398,28616331.59,633702.021,27.56,27559896,4233080088,27559896,4289411576,61506784,TRUE
TBD,TBD,seresnext50_32x4d.racm_in1k,288,82.186,8,6,332.7497343,19509333.93,1081597.328,27.56,27559896,6994504984,27559896,7087667704,101647584,TRUE
TBD,TBD,seresnext50_32x4d.racm_in1k,224,81.268,14,8,609.2842416,13954559.85,578664.8063,27.56,27559896,4233080088,27559896,4289411576,61506784,TRUE
TBD,TBD,seresnextaa101d_32x8d.ah_in1k,288,84.576,2,1,88.15402386,12410617.25,3791876.468,93.59,93588280,28393120728,93588280,28630473400,236884384,TRUE
TBD,TBD,seresnextaa101d_32x8d.ah_in1k,224,83.9,4,4,154.097907,28186072.56,2299512.913,93.59,93588280,17178862552,93588280,17322367672,143331744,TRUE
TBD,TBD,seresnextaa101d_32x8d.sw_in12k_ft_in1k,288,86.518,2,1,89.61511838,12113863.44,3694718.344,93.59,93588280,28393120728,93588280,28630473400,236884384,TRUE
TBD,TBD,seresnextaa101d_32x8d.sw_in12k_ft_in1k,224,85.956,4,4,153.7043706,28307430.45,2307884.319,93.59,93588280,17178862552,93588280,17322367672,143331744,TRUE
TBD,TBD,seresnextaa101d_32x8d.sw_in12k_ft_in1k_288,320,86.722,2,1,82.56335505,13611578.76,4218252.504,93.59,93588280,35051586520,93588280,35344661176,292431264,TRUE
TBD,TBD,seresnextaa101d_32x8d.sw_in12k_ft_in1k_288,288,86.536,2,1,87.72996758,12486712.34,3817955.2,93.59,93588280,28393120728,93588280,28630473400,236884384,TRUE
TBD,TBD,seresnextaa201d_32x8d.sw_in12k_ft_in1k_384,384,87.308,,,,,,149.39,149394904,1.01E+11,149394904,1.02E+11,849039456,
TBD,TBD,skresnet18.ra_in1k,224,73.02,60,40,1930.941566,22278096.09,183359.2679,11.96,11958056,1814340968,11958056,1824073704,17071824,TRUE
TBD,TBD,skresnet34.ra_in1k,224,76.956,34,16,1067.93634,16021642.94,316406.067,22.28,22282376,3664241480,22282376,3677737896,28369568,TRUE
TBD,TBD,skresnext50_32x4d.ra_in1k,224,80.166,12,12,422.2760185,30683474.18,851790.5412,27.48,27479784,4462720808,27479784,4500446568,96729328,TRUE
TBD,TBD,spnasnet_100.rmsp_in1k,224,74.082,46,44,2443.499057,19462177.61,146958.1329,4.42,4421616,333468072,4421616,344168104,29838608,TRUE
TBD,TBD,swin_base_patch4_window12_384.ms_in1k,384,84.476,2,2,52.69721332,40660131.76,6848884.918,87.9,87903584,218451944,87903584,44669576168,370122656,TRUE
TBD,TBD,swin_base_patch4_window12_384.ms_in22k_ft_in1k,384,86.438,2,2,52.96272994,40549625.87,6826112.26,87.9,87903584,218451944,87903584,44669576168,370122656,TRUE
TBD,TBD,swin_base_patch4_window7_224.ms_in1k,224,83.61,8,8,186.3012296,45581693.77,1884028.49,87.77,87768224,180318184,87768224,15191504808,107478816,TRUE
TBD,TBD,swin_base_patch4_window7_224.ms_in22k_ft_in1k,224,85.27,8,8,196.2018198,42738545.52,1763425.928,87.77,87768224,180318184,87768224,15191504808,107478816,TRUE
TBD,TBD,swin_large_patch4_window12_384.ms_in22k_ft_in1k,384,87.138,1,1,19.83808369,51480863.53,17379466.08,196.74,196735516,447116776,196735516,1.00E+11,555181984,TRUE
TBD,TBD,swin_large_patch4_window7_224.ms_in22k_ft_in1k,224,86.33,4,4,64.52764218,62341717.24,5165349.274,196.53,196532476,389916136,196532476,34116596104,161216224,TRUE
TBD,TBD,swin_s3_base_224.ms_in1k,224,83.92,4,6,139.189691,46050013.59,2548947.456,71.13,71125762,94739176,71125762,12752007640,131215744,TRUE
TBD,TBD,swin_s3_small_224.ms_in1k,224,83.778,8,9,288.1024474,31716058.44,1172415.694,49.74,49737298,66312424,49737298,8571666328,101354752,TRUE
TBD,TBD,swin_s3_tiny_224.ms_in1k,224,82.128,18,18,582.3214149,31215647.85,575142.7556,28.33,28328674,52152040,28328674,4383027160,54898048,TRUE
TBD,TBD,swin_small_patch4_window7_224.ms_in1k,224,83.228,10,11,346.0868729,32067446.58,964536.0106,49.61,49606258,105379048,49606258,8561294008,80610112,TRUE
TBD,TBD,swin_small_patch4_window7_224.ms_in22k_ft_in1k,224,83.33,10,11,345.0119254,32179460.14,952429.1962,49.61,49606258,105379048,49606258,8561294008,80610112,TRUE
TBD,TBD,swin_tiny_patch4_window7_224.ms_in1k,224,81.388,20,20,610.7403643,32996155.17,538056.5604,28.29,28288354,62796520,28288354,4380952696,50749120,TRUE
TBD,TBD,swin_tiny_patch4_window7_224.ms_in22k_ft_in1k,224,80.966,20,18,608.0570976,29886244.01,547741.329,28.29,28288354,62796520,28288354,4380952696,50749120,TRUE
TBD,TBD,swinv2_base_window12to16_192to256.ms_in22k_ft_in1k,256,86.276,2,3,114.2251194,26739106.67,2969819.889,87.92,87918816,93529576,87918816,15222572008,200480400,TRUE
TBD,TBD,swinv2_base_window12to24_192to384.ms_in22k_ft_in1k,384,87.14,,,,,,87.92,87918816,125642216,87918816,34349679592,630624400,
TBD,TBD,swinv2_base_window16_256.ms_in1k,256,84.608,14,14,164.8546929,84923588.63,1979780.574,87.92,87918816,93529576,87918816,15222572008,200480400,TRUE
TBD,TBD,swinv2_base_window8_256.ms_in1k,256,84.246,20,18,209.9950418,85716708.41,1555319.948,87.92,87918816,110877160,87918816,15039955944,136254608,TRUE
TBD,TBD,swinv2_cr_small_224.sw_in1k,224,83.126,38,42,403.2703417,104148862.1,798657.5762,49.7,49695100,432438466,49695100,8929111234,169310206,TRUE
TBD,TBD,swinv2_cr_small_ns_224.sw_in1k,224,83.49,38,24,289.0634506,94198789.07,1290023.996,49.7,49696444,432439810,49696444,8929638082,169310206,TRUE
TBD,TBD,swinv2_cr_tiny_ns_224.sw_in1k,224,81.796,62,60,677.1122336,88612009.19,473481.3158,28.33,28333468,223554418,28333468,4562249266,94636558,TRUE
TBD,TBD,swinv2_large_window12to16_192to256.ms_in22k_ft_in1k,256,86.934,8,9,89.9682535,100035422.6,3685981.395,196.74,196739932,190115560,196739932,33979845608,289663496,TRUE
TBD,TBD,swinv2_large_window12to24_192to384.ms_in22k_ft_in1k,384,87.474,2,2,24.19748065,82653371.55,13688881.95,196.74,196739932,238284520,196739932,76601617384,920510728,TRUE
TBD,TBD,swinv2_small_window16_256.ms_in1k,256,84.216,18,16,234.0711619,68355360.98,1398600.406,49.73,49728418,57696616,49728418,8637341672,155888852,TRUE
TBD,TBD,swinv2_small_window8_256.ms_in1k,256,83.844,28,28,311.478482,89894048.12,1042296.718,49.73,49728418,67463272,49728418,8490016744,103574356,TRUE
TBD,TBD,swinv2_tiny_window16_256.ms_in1k,256,82.828,32,32,402.9562467,79413373.58,808244.6109,28.35,28347154,41633128,28347154,4436510696,93078452,TRUE
TBD,TBD,swinv2_tiny_window8_256.ms_in1k,256,81.824,48,48,533.5136633,89969736.93,608397.9389,28.35,28347154,46077544,28347154,4373137384,64175668,TRUE
TBD,TBD,test_byobnet.r160_in1k,160,45.4,2268,2240,43577.65354,51404382.57,7241.90798,0.46,456856,31143488,456856,32318032,2906584,TRUE
TBD,TBD,test_efficientnet.r160_in1k,160,46.424,1336,1280,30521.68653,41937571.95,10613.09019,0.36,356196,57305596,356196,57809616,2939448,TRUE
TBD,TBD,test_vit.r160_in1k,160,40.832,3514,3510,33080.6712,106104596,9721.786273,0.37,371240,5237096,371240,28347092,1217168,TRUE
TBD,TBD,tf_efficientnet_b0.aa_in1k,224,76.882,98,96,2207.185977,43494316.63,150040.3123,5.29,5288548,385825092,5288548,374491968,32764360,TRUE
TBD,TBD,tf_efficientnet_b0.ap_in1k,224,77.094,98,96,2206.819409,43501542.51,150200.0709,5.29,5288548,385825092,5288548,374491968,32764360,TRUE
TBD,TBD,tf_efficientnet_b0.in1k,224,76.536,98,96,2206.679763,43504297.67,150184.39,5.29,5288548,385825092,5288548,374491968,32764360,TRUE
TBD,TBD,tf_efficientnet_b0.ns_jft_in1k,224,78.684,98,88,2201.217761,39977894.22,149782.4184,5.29,5288548,385825092,5288548,374491968,32764360,TRUE
TBD,TBD,tf_efficientnet_b1.aa_in1k,240,78.84,60,60,1361.094249,44082213.01,243199.1823,7.79,7794184,686817992,7794184,676395176,53956368,TRUE
TBD,TBD,tf_efficientnet_b1.ap_in1k,240,79.288,60,60,1361.130415,44081038.89,243589.3735,7.79,7794184,686817992,7794184,676395176,53956368,TRUE
TBD,TBD,tf_efficientnet_b1.in1k,240,78.558,60,60,1361.072941,44082903.43,243450.34,7.79,7794184,686817992,7794184,676395176,53956368,TRUE
TBD,TBD,tf_efficientnet_b1.ns_jft_in1k,240,81.388,60,60,1360.435862,44103685.17,243084.9039,7.79,7794184,686817992,7794184,676395176,53956368,TRUE
TBD,TBD,tf_efficientnet_b2.aa_in1k,260,80.082,46,44,1009.138678,43602926.85,328177.8746,9.11,9109994,993578282,9109994,981860412,68639012,TRUE
TBD,TBD,tf_efficientnet_b2.ap_in1k,260,80.296,46,46,1002.907994,45866817.78,329944.8966,9.11,9109994,993578282,9109994,981860412,68639012,TRUE
TBD,TBD,tf_efficientnet_b2.in1k,260,79.614,46,46,1002.14431,45901763.64,330448.9182,9.11,9109994,993578282,9109994,981860412,68639012,TRUE
TBD,TBD,tf_efficientnet_b2.ns_jft_in1k,260,82.412,46,46,1003.683679,45831345.73,329202.8432,9.11,9109994,993578282,9109994,981860412,68639012,TRUE
TBD,TBD,tf_efficientnet_b3.aa_in1k,300,81.648,26,26,588.7611604,44160760.79,562558.9618,12.23,12233232,1827162472,12233232,1807321096,118227712,TRUE
TBD,TBD,tf_efficientnet_b3.ap_in1k,300,81.854,26,26,588.4841624,44181537.97,562957.4777,12.23,12233232,1827162472,12233232,1807321096,118227712,TRUE
TBD,TBD,tf_efficientnet_b3.in1k,300,80.88,26,26,588.5719247,44174918.57,563269.3086,12.23,12233232,1827162472,12233232,1807321096,118227712,TRUE
TBD,TBD,tf_efficientnet_b3.ns_jft_in1k,300,84.064,26,26,588.5074447,44179773.41,562032.7597,12.23,12233232,1827162472,12233232,1807321096,118227712,TRUE
TBD,TBD,tf_efficientnet_b4.aa_in1k,380,83.04,12,13,276.5651296,47005484.38,1184034.948,19.34,19341616,4393801064,19341616,4364251808,246635216,TRUE
TBD,TBD,tf_efficientnet_b4.ap_in1k,380,83.25,12,13,276.5398953,47009799.37,1186561.796,19.34,19341616,4393801064,19341616,4364251808,246635216,TRUE
TBD,TBD,tf_efficientnet_b4.in1k,380,82.608,12,13,275.9562986,47109562.93,1190239.175,19.34,19341616,4393801064,19341616,4364251808,246635216,TRUE
TBD,TBD,tf_efficientnet_b4.ns_jft_in1k,380,85.176,12,13,277.473911,46852089.26,1184731.778,19.34,19341616,4393801064,19341616,4364251808,246635216,TRUE
TBD,TBD,tf_efficientnet_b5.aa_in1k,456,83.696,4,6,133.5298681,44933850.23,2485021.996,30.39,30389784,10266426072,30389784,10243478232,496922672,TRUE
TBD,TBD,tf_efficientnet_b5.ap_in1k,456,84.254,4,6,133.4969425,44944909.65,2480742.543,30.39,30389784,10266426072,30389784,10243478232,496922672,TRUE
TBD,TBD,tf_efficientnet_b5.in1k,456,83.166,4,6,133.4160923,44972203.47,2484517.3,30.39,30389784,10266426072,30389784,10243478232,496922672,TRUE
TBD,TBD,tf_efficientnet_b5.ns_jft_in1k,456,86.102,4,6,133.4581766,44957992.1,2477209.986,30.39,30389784,10266426072,30389784,10243478232,496922672,TRUE
TBD,TBD,tf_efficientnet_b5.ra_in1k,456,83.828,4,6,133.3926842,44980070.07,2479190.671,30.39,30389784,10266426072,30389784,10243478232,496922672,TRUE
TBD,TBD,tf_efficientnet_b6.aa_in1k,528,84.118,2,3,74.4722057,40283586.72,4434726.942,43.04,43040704,19067647136,43040704,19044447456,842574640,TRUE
TBD,TBD,tf_efficientnet_b6.ap_in1k,528,84.792,2,3,74.48123042,40278687.39,4438332.085,43.04,43040704,19067647136,43040704,19044447456,842574640,TRUE
TBD,TBD,tf_efficientnet_b6.ns_jft_in1k,528,86.476,2,3,74.42327629,40310093.22,4452008.286,43.04,43040704,19067647136,43040704,19044447456,842574640,TRUE
TBD,TBD,tf_efficientnet_b7.aa_in1k,600,84.436,2,1,41.36783646,24173427.86,7876380.906,66.35,66347960,37745958392,66347960,37753906024,1466648080,TRUE
TBD,TBD,tf_efficientnet_b7.ap_in1k,600,85.132,2,2,41.87871789,47756968.05,7864134.355,66.35,66347960,37745958392,66347960,37753906024,1466648080,TRUE
TBD,TBD,tf_efficientnet_b7.ns_jft_in1k,600,86.852,2,2,41.93300791,47695276.22,7834393.511,66.35,66347960,37745958392,66347960,37753906024,1466648080,TRUE
TBD,TBD,tf_efficientnet_b7.ra_in1k,600,84.93,2,2,41.96682586,47656934.78,7871638.092,66.35,66347960,37745958392,66347960,37753906024,1466648080,TRUE
TBD,TBD,tf_efficientnet_b8.ap_in1k,672,85.366,1,1,25.77061847,38888349.19,12104994.11,87.41,87413142,62597552278,87413142,62646199964,2240279356,TRUE
TBD,TBD,tf_efficientnet_b8.ra_in1k,672,85.356,1,1,26.60190722,37667135.86,12014331.3,87.41,87413142,62597552278,87413142,62646199964,2240279356,TRUE
TBD,TBD,tf_efficientnet_cc_b0_4e.in1k,224,77.324,86,80,1566.174163,51079927.45,210101.0415,13.31,13314116,1005558340,13314116,179557344,32148168,TRUE
TBD,TBD,tf_efficientnet_cc_b0_8e.in1k,224,77.924,86,80,1562.63989,51195503.7,210424.0003,24.01,24013284,1831867748,24013284,190256512,32148200,TRUE
TBD,TBD,tf_efficientnet_cc_b1_8e.in1k,240,79.322,52,52,962.1009895,54048434.43,343220.0328,39.72,39715968,3496842208,39715968,312721104,52860328,TRUE
TBD,TBD,tf_efficientnet_el.in1k,300,80.242,34,34,555.8459322,61168123.82,594837.6924,10.59,10589712,7936083848,10589712,7378182312,168712480,TRUE
TBD,TBD,tf_efficientnet_em.in1k,240,78.136,72,72,1269.299534,56724279.94,259637.8739,6.9,6899496,3013322088,6899496,2806906856,78885040,TRUE
TBD,TBD,tf_efficientnet_es.in1k,224,76.608,118,112,1865.617283,60099376.38,178310.5664,5.44,5438392,1788732008,5438392,1602560232,47368848,TRUE
TBD,TBD,tf_efficientnet_l2.ns_jft_in1k,800,88.362,,,,,,480.31,480309308,4.76E+11,480309308,4.76E+11,8691016552,
TBD,TBD,tf_efficientnet_l2.ns_jft_in1k_475,475,88.25,,,,,,480.31,480309308,1.71E+11,480309308,1.71E+11,3103844184,
TBD,TBD,tf_efficientnet_lite0.in1k,224,74.846,96,96,1924.824433,49889718.28,161913.8668,4.65,4652008,385188552,4652008,373855048,32745680,TRUE
TBD,TBD,tf_efficientnet_lite1.in1k,240,76.672,64,64,1294.74299,49442391.89,242356.8012,5.42,5416680,600186232,5416680,589286680,49811568,TRUE
TBD,TBD,tf_efficientnet_lite2.in1k,260,77.472,50,40,954.2020742,41932066.25,335629.8226,6.09,6092072,859737272,6092072,847375128,63439744,TRUE
TBD,TBD,tf_efficientnet_lite3.in1k,300,79.832,30,30,574.4299676,52238471.06,547910.8456,8.2,8197096,1607555544,8197096,1591135752,107269984,TRUE
TBD,TBD,tf_efficientnet_lite4.in1k,380,81.546,14,14,270.7694431,51718495.55,1147850.802,13.01,13006568,3943565112,13006568,3926592952,225850096,TRUE
TBD,TBD,tf_efficientnetv2_b0.in1k,224,78.38,126,112,2365.248762,47368168.75,136629.4974,7.14,7139704,718100696,7139704,653192328,24932720,TRUE
TBD,TBD,tf_efficientnetv2_b0.in1k,192,76.88,170,170,3101.628726,54825434.08,104195.8421,7.14,7139704,528201272,7139704,480513640,18326640,TRUE
TBD,TBD,tf_efficientnetv2_b1.in1k,240,79.518,82,82,1539.474522,53282630.12,212747.9241,8.14,8141052,1196836188,8141052,1123923792,39222904,TRUE
TBD,TBD,tf_efficientnetv2_b1.in1k,192,77.93,132,132,2333.232596,56587706.56,136622.2781,8.14,8141052,747019836,8141052,700272336,24561272,TRUE
TBD,TBD,tf_efficientnetv2_b2.in1k,260,80.226,60,44,1047.650906,42012332.76,312581.6263,10.1,10096086,1697562246,10096086,1611731892,52310892,TRUE
TBD,TBD,tf_efficientnetv2_b2.in1k,208,79.206,100,99,1751.872103,56521100.6,187858.5415,10.1,10096086,1043495942,10096086,989103700,31949308,TRUE
TBD,TBD,tf_efficientnetv2_b3.in1k,300,81.96,36,36,634.0892694,56788543.85,500121.8133,14.36,14358406,3011484558,14358406,2864984580,83340860,TRUE
TBD,TBD,tf_efficientnetv2_b3.in1k,240,80.712,22,14,798.5550058,18279880,394180.0633,14.36,14358406,1908062382,14358406,1815591268,52697036,TRUE
TBD,TBD,tf_efficientnetv2_b3.in21k_ft_in1k,300,82.634,14,14,475.6873317,31086341.41,697972.7164,14.36,14358406,3011484558,14358406,2864984580,83340860,TRUE
TBD,TBD,tf_efficientnetv2_b3.in21k_ft_in1k,240,81.076,26,24,837.0614046,29797838.55,384482.3745,14.36,14358406,1908062382,14358406,1815591268,52697036,TRUE
TBD,TBD,tf_efficientnetv2_l.in1k,480,85.66,1,1,39.97010278,26362825.36,7483500.472,118.52,118515272,56079819560,118515272,55103389288,853012944,TRUE
TBD,TBD,tf_efficientnetv2_l.in1k,384,85.196,2,1,51.13035138,20358905.89,5451323.975,118.52,118515272,35899539176,118515272,35274625576,546016464,TRUE
TBD,TBD,tf_efficientnetv2_l.in21k_ft_in1k,480,86.802,1,1,38.26860153,27607357.78,7901033.131,118.52,118515272,56079819560,118515272,55103389288,853012944,TRUE
TBD,TBD,tf_efficientnetv2_l.in21k_ft_in1k,384,85.832,2,2,52.98646803,39659239.95,5526018.958,118.52,118515272,35899539176,118515272,35274625576,546016464,TRUE
TBD,TBD,tf_efficientnetv2_m.in1k,480,85.21,2,2,73.02932666,28919554.93,4248577.046,54.14,54139356,24582529204,54139356,24023696800,483203880,TRUE
TBD,TBD,tf_efficientnetv2_m.in1k,384,84.558,4,3,121.2093251,25619528.43,2410900.669,54.14,54139356,15736844500,54139356,15379192768,309301416,TRUE
TBD,TBD,tf_efficientnetv2_m.in21k_ft_in1k,480,86.014,2,2,70.83105007,29923238.33,4401931.108,54.14,54139356,24582529204,54139356,24023696800,483203880,TRUE
TBD,TBD,tf_efficientnetv2_m.in21k_ft_in1k,384,84.768,4,2,116.9547111,17675201.18,2421939.028,54.14,54139356,15736844500,54139356,15379192768,309301416,TRUE
TBD,TBD,tf_efficientnetv2_s.in1k,384,83.896,4,7,220.3279538,33466673.48,1454165.342,21.46,21458488,8365653344,21458488,7988904728,193851840,TRUE
TBD,TBD,tf_efficientnetv2_s.in1k,300,83.172,10,6,318.5848227,19920763.41,1002558.63,21.46,21458488,5307597440,21458488,5075235480,122894048,TRUE
TBD,TBD,tf_efficientnetv2_s.in21k_ft_in1k,384,84.316,4,6,212.9125672,29663088.07,1476593.728,21.46,21458488,8365653344,21458488,7988904728,193851840,TRUE
TBD,TBD,tf_efficientnetv2_s.in21k_ft_in1k,300,83.374,10,8,323.7484791,26065256.12,1010398.665,21.46,21458488,5307597440,21458488,5075235480,122894048,TRUE
TBD,TBD,tf_efficientnetv2_xl.in21k_ft_in1k,512,86.748,,,,,,208.12,208119808,93353635168,208119808,92303297240,1320298944,
TBD,TBD,tf_efficientnetv2_xl.in21k_ft_in1k,384,85.562,,,,,,208.12,208119808,52529438048,208119808,51938626264,742830528,
TBD,TBD,tf_mixnet_l.in1k,224,78.776,12,10,631.5391765,17046737.83,499863.9929,7.33,7329252,555264988,7329252,530831808,60235144,TRUE
TBD,TBD,tf_mixnet_m.in1k,224,76.964,18,16,867.9843222,20082139.98,379707.9817,5.01,5014382,339182870,5014382,320689036,45470348,TRUE
TBD,TBD,tf_mixnet_s.in1k,224,75.652,22,10,1115.31044,9676022.103,277797.3858,4.13,4134606,239181286,4134606,232822020,34423556,TRUE
TBD,TBD,tf_mobilenetv3_large_075.in1k,224,73.448,38,38,2576.991288,15758388.96,126097.1282,3.99,3993528,154566856,3993528,148214208,19868848,TRUE
TBD,TBD,tf_mobilenetv3_large_100.in1k,224,75.514,38,28,2216.448785,13753352.14,150101.6548,5.48,5483032,216597120,5483032,210157880,21925120,TRUE
TBD,TBD,tf_mobilenetv3_large_minimal_100.in1k,224,72.27,46,40,2723.49337,15834267.53,119945.8923,3.92,3924288,209138984,3924288,207150240,21914960,TRUE
TBD,TBD,tf_mobilenetv3_small_075.in1k,224,65.732,110,100,7442.686331,14028471.79,43142.55045,2.04,2041872,43403656,2041872,36219712,6286320,TRUE
TBD,TBD,tf_mobilenetv3_small_100.in1k,224,67.932,96,80,6539.379617,13060392.96,51093.11722,2.54,2542856,56515312,2542856,49286920,6887712,TRUE
TBD,TBD,tf_mobilenetv3_small_minimal_100.in1k,224,62.894,128,80,7656.221435,11232330.78,42939.40689,2.04,2044736,52290472,2044736,47186016,6881936,TRUE
TBD,TBD,tiny_vit_11m_224.dist_in22k_ft_in1k,224,83.232,14,13,754.9002013,18470449.82,458174.6922,11,10996972,416874856,10996972,1905816744,37854520,TRUE
TBD,TBD,tiny_vit_11m_224.in1k,224,81.538,10,10,817.4252719,12908614.46,422861.5542,11,10996972,416874856,10996972,1905816744,37854520,TRUE
TBD,TBD,tiny_vit_21m_224.dist_in22k_ft_in1k,224,85.088,4,6,475.2115711,13523905.21,745500.1627,21.2,21198568,897565384,21198568,4085596456,56389176,TRUE
TBD,TBD,tiny_vit_21m_224.in1k,224,83.27,4,6,391.0574015,16562925.36,884126.7128,21.2,21198568,897565384,21198568,4085596456,56389176,TRUE
TBD,TBD,tiny_vit_21m_384.dist_in22k_ft_in1k,384,86.094,2,2,114.8823447,18846560.97,3023919.703,21.23,21230488,2590109704,21230488,12005532136,165701496,TRUE
TBD,TBD,tiny_vit_21m_512.dist_in22k_ft_in1k,512,86.452,,,,,,21.27,21268120,4585530376,21268120,21342719464,294574968,
TBD,TBD,tiny_vit_5m_224.dist_in22k_ft_in1k,224,80.862,10,9,877.867982,11099149.2,385647.7771,5.39,5392764,375421544,5392764,1187231144,33682744,TRUE
TBD,TBD,tiny_vit_5m_224.in1k,224,79.196,10,9,817.6977954,11776004.63,406765.6095,5.39,5392764,375421544,5392764,1187231144,33682744,TRUE
TBD,TBD,tinynet_a.in1k,192,77.664,14,13,1359.464822,10424942.03,228410.1832,6.19,6187972,336880452,6187972,341911712,26364040,TRUE
TBD,TBD,tinynet_b.in1k,188,74.966,18,12,1731.52463,7640995.604,183032.7211,3.73,3730562,200717650,3730562,204858444,21489220,TRUE
TBD,TBD,tinynet_c.in1k,184,71.224,28,18,2942.791622,6581999.603,105208.8709,2.46,2457234,99541922,2457234,102271788,13948580,TRUE
TBD,TBD,tinynet_d.in1k,152,66.966,78,72,6520.584079,11835742.01,50411.47169,2.34,2338446,51585246,2338446,52951684,6784428,TRUE
TBD,TBD,tinynet_e.in1k,106,59.874,162,128,12841.66309,10791596.78,26576.1733,2.04,2042972,24360588,2042972,25034496,3297576,TRUE
TBD,TBD,tnt_s_patch16_224,224,81.528,8,8,284.0159124,29827220.53,1199223.067,23.76,23755336,51662440,23755336,4861469032,5487766,TRUE
TBD,TBD,tresnet_l.miil_in1k,224,81.498,10,52,449.8468436,117120684.4,696435.6823,55.99,55989256,10875700832,55989256,10894297664,80834208,TRUE
TBD,TBD,tresnet_l.miil_in1k_448,448,82.278,12,14,123.6599196,113243999.9,2549489.497,55.99,55989256,43490075744,55989256,43564443200,323226624,TRUE
TBD,TBD,tresnet_m.miil_in1k,224,80.816,86,85,925.3042614,93511504.47,345297.4853,31.39,31389032,5734971624,31389032,5746214760,48770784,TRUE
TBD,TBD,tresnet_m.miil_in1k_448,448,81.71,22,16,223.261203,72726701.18,1437926.203,31.39,31389032,22931290344,31389032,22976251752,195008736,TRUE
TBD,TBD,tresnet_m.miil_in21k_ft_in1k,224,83.09,52,20,835.5715363,24372055.58,376111.1475,31.39,31389032,5734971624,31389032,5746214760,48770784,TRUE
TBD,TBD,tresnet_v2_l.miil_in21k_ft_in1k,224,83.902,24,20,455.9284985,44827977.57,688881.2171,46.17,46174824,8812153576,46174824,8838552936,113031904,TRUE
TBD,TBD,tresnet_xl.miil_in1k,224,82.064,24,16,288.5122302,56379940.49,1081626.612,78.44,78436244,15165028354,78436244,15189244258,105060620,TRUE
TBD,TBD,tresnet_xl.miil_in1k_448,448,83.066,4,6,69.28870668,88012535.67,4460518.656,78.44,78436244,60643719010,78436244,60740555266,420102788,TRUE
TBD,TBD,twins_pcpvt_base.in1k,224,82.722,20,20,390.0667544,52191849.7,834562.231,43.83,43828456,589073896,43828456,6488759016,401408,TRUE
TBD,TBD,twins_pcpvt_large.in1k,224,83.168,12,13,291.0573043,44680214.99,1114972.866,60.99,60989672,833676776,60989672,9570594024,401408,TRUE
TBD,TBD,twins_pcpvt_small.in1k,224,81.122,28,28,662.4052052,42421807.21,482436.4997,24.11,24106216,333237736,24106216,3705496296,401408,TRUE
TBD,TBD,twins_svt_base.in1k,224,83.124,20,20,337.8113914,60777611.51,990255.4208,56.07,56070952,560177224,56070952,8378498920,602112,TRUE
TBD,TBD,twins_svt_large.in1k,224,83.69,14,14,237.2062258,59186381.07,1379507.607,99.27,99271400,986207336,99271400,14866292200,802816,TRUE
TBD,TBD,twins_svt_small.in1k,224,81.692,40,40,783.9286714,51210611.48,410488.8903,24.06,24060776,202353704,24060776,2832559336,401408,TRUE
TBD,TBD,vgg11.tv_in1k,224,69.048,62,60,924.7896531,64939258.4,330853.5738,132.86,132863336,7616525288,132863336,7643644904,16452512,TRUE
TBD,TBD,vgg11_bn.tv_in1k,224,70.384,38,32,806.3769491,39827423.4,375033.4326,132.87,132868840,7616530792,132868840,7658497000,23878560,TRUE
TBD,TBD,vgg13.tv_in1k,224,69.94,44,44,587.5549385,75174248.5,520018.5737,133.05,133047848,11320718312,133047848,11357471720,26086304,TRUE
TBD,TBD,vgg13_bn.tv_in1k,224,71.556,26,22,534.8083427,41279711.07,591411.7229,133.05,133053736,11320724200,133053736,11381957608,38329248,TRUE
TBD,TBD,vgg16.tv_in1k,224,71.6,40,36,481.2145624,74878583.89,642745.1323,138.36,138357544,15483821032,138357544,15523183592,28695456,TRUE
TBD,TBD,vgg16_bn.tv_in1k,224,73.356,24,22,432.7500548,50982758.47,728777.0367,138.37,138365992,15483829480,138365992,15550278632,42242976,TRUE
TBD,TBD,vgg19.tv_in1k,224,72.4,38,32,398.7799511,80464343.65,774642.4735,143.67,143667240,19646923752,143667240,19688895464,31304608,TRUE
TBD,TBD,vgg19_bn.tv_in1k,224,74.236,20,18,355.4922016,50794834.58,883071.8143,143.68,143678248,19646934760,143678248,19718599656,46156704,TRUE
TBD,TBD,visformer_small.in1k,224,82.096,40,40,917.8209793,43727294.34,349624.879,40.22,40219592,4746904616,40219592,4765118184,32545384,TRUE
TBD,TBD,visformer_tiny.in1k,224,78.16,82,82,2624.171321,31296204.28,124117.0485,10.32,10321368,1201742856,10321368,1210849640,16273692,TRUE
TBD,TBD,vit_base_patch16_224.augreg_in1k,224,79.142,26,22,291.8355357,75590144.27,1123758.546,86.57,86567656,201581032,86567656,12021392632,62940368,TRUE
TBD,TBD,vit_base_patch16_224.augreg_in21k_ft_in1k,224,84.532,26,22,291.879414,75598609.14,1122207.324,86.57,86567656,201581032,86567656,12021392632,62940368,TRUE
TBD,TBD,vit_base_patch16_224.augreg2_in21k_ft_in1k,224,85.11,26,22,292.2294728,75478890.69,1122604.346,86.57,86567656,201581032,86567656,12021392632,62940368,TRUE
TBD,TBD,vit_base_patch16_224.orig_in21k_ft_in1k,224,81.786,26,22,293.6341451,74994603.17,1115442.316,86.57,86567656,201581032,86567656,12021392632,62940368,TRUE
TBD,TBD,vit_base_patch16_224.sam_in1k,224,80.242,26,22,291.5415764,75671298.44,1124608.927,86.57,86567656,201581032,86567656,12021392632,62940368,TRUE
TBD,TBD,vit_base_patch16_224_miil.in21k_ft_in1k,224,84.272,26,22,292.0512936,75549612.47,1124246.088,86.54,86540008,201553384,86540008,12021392632,62940368,TRUE
TBD,TBD,vit_base_patch16_384.augreg_in1k,384,81.096,8,9,86.2925702,104549893.9,3780351.521,86.86,86859496,426005992,86859496,39282495352,184345808,TRUE
TBD,TBD,vit_base_patch16_384.augreg_in21k_ft_in1k,384,86.006,8,9,86.50966535,104226218.5,3770455.518,86.86,86859496,426005992,86859496,39282495352,184345808,TRUE
TBD,TBD,vit_base_patch16_384.orig_in21k_ft_in1k,384,84.208,8,9,86.65852401,104012400.9,3758347.619,86.86,86859496,426005992,86859496,39282495352,184345808,TRUE
TBD,TBD,vit_base_patch16_clip_224.laion2b_ft_in12k_in1k,224,86.21,26,22,292.2012841,75421093.51,1121181.347,86.57,86568424,201432040,86568424,12021393400,62940368,TRUE
TBD,TBD,vit_base_patch16_clip_224.laion2b_ft_in1k,224,85.494,26,22,291.8981462,75556392.41,1123373.16,86.57,86568424,201432040,86568424,12021393400,62940368,TRUE
TBD,TBD,vit_base_patch16_clip_224.openai_ft_in12k_in1k,224,85.962,26,22,291.5054995,75645573.19,1123186.959,86.57,86568424,201432040,86568424,12021393400,62940368,TRUE
TBD,TBD,vit_base_patch16_clip_224.openai_ft_in1k,224,85.286,26,22,291.3165455,75713086.04,1125698.685,86.57,86568424,201432040,86568424,12021393400,62940368,TRUE
TBD,TBD,vit_base_patch16_clip_384.laion2b_ft_in12k_in1k,384,87.212,8,9,86.93048344,103636433.3,3748786.433,86.86,86860264,425565160,86860264,39282496120,184345808,TRUE
TBD,TBD,vit_base_patch16_clip_384.laion2b_ft_in1k,384,86.638,8,9,86.64189877,104007608.6,3763761.507,86.86,86860264,425565160,86860264,39282496120,184345808,TRUE
TBD,TBD,vit_base_patch16_clip_384.openai_ft_in12k_in1k,384,87.028,8,9,86.2992094,104527921.5,3775105.855,86.86,86860264,425565160,86860264,39282496120,184345808,TRUE
TBD,TBD,vit_base_patch16_clip_384.openai_ft_in1k,384,86.218,8,9,86.32345236,104468653.8,3779067.096,86.86,86860264,425565160,86860264,39282496120,184345808,TRUE
TBD,TBD,vit_base_patch16_rope_reg1_gap_256.sbb_in1k,256,83.89,14,15,189.2230758,79496545.23,1721879.359,86.43,86425576,215755240,86425576,16556274664,67306448,TRUE
TBD,TBD,vit_base_patch16_rpn_224.sw_in1k,224,82.216,26,22,276.7547137,79711286.42,1190069.351,86.54,86538472,201553384,86538472,11957171176,59010512,TRUE
TBD,TBD,vit_base_patch32_224.augreg_in1k,224,74.906,104,96,1233.4219,77938270.58,265908.0043,88.22,88224232,201468136,88224232,3001418536,15975632,TRUE
TBD,TBD,vit_base_patch32_224.augreg_in21k_ft_in1k,224,80.736,104,96,1230.733727,78201391.03,266540.6637,88.22,88224232,201468136,88224232,3001418536,15975632,TRUE
TBD,TBD,vit_base_patch32_224.sam_in1k,224,73.706,104,104,1238.009849,84223149.79,269544.2156,88.22,88224232,201468136,88224232,3001418536,15975632,TRUE
TBD,TBD,vit_base_patch32_384.augreg_in1k,384,78.754,36,32,396.3772416,80912408.27,838610.616,88.3,88297192,425674216,88297192,8963021176,46326992,TRUE
TBD,TBD,vit_base_patch32_384.augreg_in21k_ft_in1k,384,83.352,36,36,402.2881265,89579285.68,825197.1896,88.3,88297192,425674216,88297192,8963021176,46326992,TRUE
TBD,TBD,vit_base_patch32_clip_224.laion2b_ft_in12k_in1k,224,83.306,104,96,1239.079619,77686530.76,268317.41,88.22,88225000,201432040,88225000,3001419304,15975632,TRUE
TBD,TBD,vit_base_patch32_clip_224.laion2b_ft_in1k,224,82.63,104,96,1245.40437,77287657.16,267253.3905,88.22,88225000,201432040,88225000,3001419304,15975632,TRUE
TBD,TBD,vit_base_patch32_clip_224.openai_ft_in1k,224,81.946,104,104,1244.062601,83754759.46,268437.8063,88.22,88225000,201432040,88225000,3001419304,15975632,TRUE
TBD,TBD,vit_base_patch32_clip_384.laion2b_ft_in12k_in1k,384,85.41,34,34,403.5726183,84322079.59,821591.7902,88.3,88297960,425565160,88297960,8963021944,46326992,TRUE
TBD,TBD,vit_base_patch32_clip_384.openai_ft_in12k_in1k,384,85.226,34,34,400.4370818,85110626.78,822317.5083,88.3,88297960,425565160,88297960,8963021944,46326992,TRUE
TBD,TBD,vit_base_patch32_clip_448.laion2b_ft_in12k_in1k,448,85.8,26,22,288.6580485,76464468.84,1134616.615,88.34,88337896,548248552,88337896,12368209912,62940368,TRUE
TBD,TBD,vit_base_patch8_224.augreg_in21k_ft_in1k,224,85.836,4,6,59.85182465,100442197.1,5444778.846,86.58,86576872,202032616,86576872,56129464696,250799312,TRUE
TBD,TBD,vit_base_patch8_224.augreg2_in21k_ft_in1k,224,86.228,2,6,59.86962451,100417951.5,5455516.472,86.58,86576872,202032616,86576872,56129464696,250799312,TRUE
TBD,TBD,vit_base_r50_s16_384.orig_in21k_ft_in1k,384,84.994,4,4,61.4644555,65298264.31,5109983.507,98.95,98950952,12097443304,98950952,39456812984,388572368,TRUE
TBD,TBD,vit_betwixt_patch16_reg1_gap_256.sbb_in1k,256,83.644,22,20,292.4706872,68452344.39,1112738.425,60.4,60396520,185717480,60396520,11286304480,68425040,TRUE
TBD,TBD,vit_betwixt_patch16_reg4_gap_256.sbb_in12k_ft_in1k,256,85.424,22,22,287.9152237,76551875.71,1127984.063,60.4,60398440,185717480,60398440,11428647400,69218000,TRUE
TBD,TBD,vit_betwixt_patch16_reg4_gap_256.sbb_in1k,256,83.708,22,22,288.6202296,76393233.28,1126348.191,60.4,60398440,185717480,60398440,11428647400,69218000,TRUE
TBD,TBD,vit_betwixt_patch16_reg4_gap_256.sbb2_e200_in12k_ft_in1k,256,85.728,22,22,287.1879444,76810936.62,1133071.421,60.4,60398440,185717480,60398440,11428647400,69218000,TRUE
TBD,TBD,vit_betwixt_patch16_reg4_gap_384.sbb2_e200_in12k_ft_in1k,384,86.602,8,8,113.317642,70779931.05,2873199.891,60.6,60603240,343208680,60603240,28369396200,154414800,TRUE
TBD,TBD,vit_betwixt_patch16_rope_reg4_gap_256.sbb_in1k,256,83.91,18,18,254.9406957,70800143.77,1278665.468,60.23,60226920,170948840,60226920,11656157160,56738000,TRUE
TBD,TBD,vit_huge_patch14_clip_224.laion2b_ft_in12k_in1k,224,88.278,,,,,,632.05,632047080,823640040,632047080,1.14E+11,360540880,
TBD,TBD,vit_huge_patch14_clip_224.laion2b_ft_in1k,224,87.624,,,,,,632.05,632047080,823640040,632047080,1.14E+11,360540880,
TBD,TBD,vit_huge_patch14_clip_336.laion2b_ft_in12k_in1k,336,88.628,1,1,10.82201446,92901217.75,30373442.67,632.46,632456680,1064484840,632456680,2.70E+11,809462480,TRUE
TBD,TBD,vit_large_patch14_clip_224.laion2b_ft_in12k_in1k,224,87.898,4,4,50.67654673,81034587.53,6566950.819,304.2,304204776,457479144,304204776,55269485928,216851408,TRUE
TBD,TBD,vit_large_patch14_clip_224.laion2b_ft_in1k,224,87.298,2,3,47.25574162,65525712.1,7148015.577,304.2,304204776,457479144,304204776,55269485928,216851408,TRUE
TBD,TBD,vit_large_patch14_clip_224.openai_ft_in12k_in1k,224,88.162,2,3,47.10906423,65700856.99,7165029.205,304.2,304204776,457479144,304204776,55269485928,216851408,TRUE
TBD,TBD,vit_large_patch14_clip_224.openai_ft_in1k,224,87.86,2,3,48.1421754,64248122.33,7002959.68,304.2,304204776,457479144,304204776,55269485928,216851408,TRUE
TBD,TBD,vit_large_patch14_clip_336.laion2b_ft_in12k_in1k,336,88.192,1,1,18.25678424,56782842.17,18405325.17,304.53,304532456,650154984,304532456,1.33E+11,486859728,TRUE
TBD,TBD,vit_large_patch14_clip_336.laion2b_ft_in1k,336,87.866,1,1,18.20205355,56896266.3,18439172.03,304.53,304532456,650154984,304532456,1.33E+11,486859728,TRUE
TBD,TBD,vit_large_patch14_clip_336.openai_ft_in12k_in1k,336,88.264,1,1,18.19165449,56963087.61,18466480.08,304.53,304532456,650154984,304532456,1.33E+11,486859728,TRUE
TBD,TBD,vit_large_patch16_224.augreg_in21k_ft_in1k,224,85.85,4,11,81.41489496,135357677.7,4068442.333,304.33,304326632,457677800,304326632,41816812904,166224848,TRUE
TBD,TBD,vit_large_patch16_384.augreg_in21k_ft_in1k,384,87.094,2,1,18.94603308,54521752.45,17711709.4,304.72,304715752,756911080,304715752,1.33E+11,486859728,TRUE
TBD,TBD,vit_large_patch32_384.orig_in21k_ft_in1k,384,81.506,4,7,92.56778579,77500061.71,3632292.233,306.63,306632680,756468712,306632680,30745172328,122348496,TRUE
TBD,TBD,vit_large_r50_s32_224.augreg_in21k_ft_in1k,224,84.432,8,9,172.8886667,54002263.21,1898632.263,328.99,328994856,4493283304,328994856,10333751848,109074384,TRUE
TBD,TBD,vit_large_r50_s32_384.augreg_in21k_ft_in1k,384,86.184,2,3,57.23836174,54395380.87,5720075.665,329.09,329092136,12616649704,329092136,30653036968,318907344,TRUE
TBD,TBD,vit_little_patch16_reg1_gap_256.sbb_in12k_ft_in1k,256,83.802,30,42,599.4870609,70199177.8,549870.8157,22.52,22515048,85174248,22515048,4810162798,47174544,TRUE
TBD,TBD,vit_little_patch16_reg4_gap_256.sbb_in1k,256,82.514,28,26,497.7156527,54068853.79,682902.4519,22.52,22516008,85174248,22516008,4872616840,47722320,TRUE
TBD,TBD,vit_medium_patch16_gap_256.sw_in12k_ft_in1k,256,84.45,24,24,356.3813149,69103305.5,942278.3492,38.86,38861288,139118568,38861288,7380653032,54528976,TRUE
TBD,TBD,vit_medium_patch16_gap_384.sw_in12k_ft_in1k,384,85.554,10,10,136.0727989,75291446.67,2466779.766,39.03,39025128,265111528,39025128,18888446952,122686416,TRUE
TBD,TBD,vit_medium_patch16_reg1_gap_256.sbb_in1k,256,83.458,22,44,428.8902258,102727383.8,768962.4815,38.88,38880232,139137000,38880232,7412139592,54740432,TRUE
TBD,TBD,vit_medium_patch16_reg4_gap_256.sbb_in12k_ft_in1k,256,84.944,50,48,425.1761279,113042605,777268.7708,38.88,38881768,139137000,38881768,7507139560,55374800,TRUE
TBD,TBD,vit_medium_patch16_reg4_gap_256.sbb_in1k,256,83.468,50,48,423.4897108,113600454.6,782386.7857,38.88,38881768,139137000,38881768,7507139560,55374800,TRUE
TBD,TBD,vit_medium_patch16_rope_reg1_gap_256.sbb_in1k,256,83.812,46,46,372.3370613,123765173,886735.3309,38.74,38743016,129681384,38743016,7399482344,44871632,TRUE
TBD,TBD,vit_mediumd_patch16_reg4_gap_256.sbb_in12k_ft_in1k,256,86.208,30,26,252.6601191,103082350.8,1310912.609,64.11,64109032,164356072,64109032,12444360680,91583440,TRUE
TBD,TBD,vit_mediumd_patch16_reg4_gap_256.sbb2_e200_in12k_ft_in1k,256,86.604,30,28,253.5464332,110533258.6,1298989.841,64.11,64109032,164356072,64109032,12444360680,91583440,TRUE
TBD,TBD,vit_mediumd_patch16_reg4_gap_384.sbb2_e200_in12k_ft_in1k,384,87.436,12,13,98.28141327,132507144.3,3368158.916,64.27,64272872,290349032,64272872,31592587240,204305360,TRUE
TBD,TBD,vit_mediumd_patch16_rope_reg1_gap_256.sbb_in1k,256,84.322,26,24,217.6916932,110436996.8,1508331.171,63.95,63945704,164325352,63945704,16307192808,82241488,TRUE
TBD,TBD,vit_pwee_patch16_reg1_gap_256.sbb_in1k,256,80.078,82,80,855.0786504,93732408.42,383626.2994,15.25,15253480,65383912,15253480,3845537000,27897552,TRUE
TBD,TBD,vit_relpos_base_patch16_224.sw_in1k,224,82.476,26,4,185.881895,22768203.41,1874790.877,86.43,86429560,202179352,86429560,16811760376,72346880,TRUE
TBD,TBD,vit_relpos_base_patch16_clsgap_224.sw_in1k,224,82.762,4,4,192.0545071,21902394.21,1800615.908,86.43,86430328,202179352,86430328,16896842488,72660992,TRUE
TBD,TBD,vit_relpos_base_patch32_plus_rpn_256.sw_in1k,256,79.496,8,8,469.232523,17942155.2,740706.7134,119.42,119423760,293256384,119423760,7595603344,24437192,TRUE
TBD,TBD,vit_relpos_medium_patch16_224.sw_in1k,224,82.466,8,8,389.2330537,21544751,889737.6097,38.75,38747208,115953672,38747208,7510330696,49724912,TRUE
TBD,TBD,vit_relpos_medium_patch16_cls_224.sw_in1k,224,82.572,8,8,411.3399901,20456350.32,842213.3511,38.76,38764616,116409864,38764616,7562834760,54413296,TRUE
TBD,TBD,vit_relpos_medium_patch16_rpn_224.sw_in1k,224,82.308,8,8,376.1592011,22521717.16,931808.0847,38.73,38734920,115953672,38734920,7510430536,47316464,TRUE
TBD,TBD,vit_relpos_small_patch16_224.sw_in1k,224,81.476,10,11,602.3919336,19358266.3,582152.1518,21.98,21983920,79918720,21983920,4246881904,38413928,TRUE
TBD,TBD,vit_small_patch16_224.augreg_in1k,224,78.842,12,52,782.4154262,68407705.9,432773.2395,22.05,22050664,79557352,22050664,3222008944,31471184,TRUE
TBD,TBD,vit_small_patch16_224.augreg_in21k_ft_in1k,224,81.414,52,88,917.7632168,96018204.96,359811.0201,22.05,22050664,79557352,22050664,3222008944,31471184,TRUE
TBD,TBD,vit_small_patch16_384.augreg_in1k,384,81.134,32,34,257.7136667,132131810.6,1282557.893,22.2,22196584,191769832,22196584,11473365424,92173904,TRUE
TBD,TBD,vit_small_patch16_384.augreg_in21k_ft_in1k,384,83.804,34,32,258.6752373,123920705.4,1280678.364,22.2,22196584,191769832,22196584,11473365424,92173904,TRUE
TBD,TBD,vit_small_patch32_224.augreg_in21k_ft_in1k,224,75.996,388,320,3839.497633,83529405.05,85550.33775,22.88,22878952,79500904,22878952,792920968,7988816,TRUE
TBD,TBD,vit_small_patch32_384.augreg_in21k_ft_in1k,384,80.482,134,128,1214.832872,105457941.5,269159.4491,22.92,22915432,191603944,22915432,2428923568,23164496,TRUE
TBD,TBD,vit_small_r26_s32_224.augreg_in21k_ft_in1k,224,81.844,70,70,995.4029339,70478463.14,310894.2021,36.43,36431912,2400441960,36431912,786161608,52325584,TRUE
TBD,TBD,vit_small_r26_s32_384.augreg_in21k_ft_in1k,384,84.074,24,24,336.2507611,71519364.98,922260.5096,36.47,36468392,7012328680,36468392,2409041648,153460304,TRUE
TBD,TBD,vit_srelpos_medium_patch16_224.sw_in1k,224,82.25,66,66,554.3630444,119266746.6,599144.1042,38.74,38735856,115647168,38735856,7500661936,43165864,TRUE
TBD,TBD,vit_srelpos_small_patch16_224.sw_in1k,224,81.108,90,88,876.3202483,100657856,378752.4174,21.97,21973486,79637002,21973486,4237670782,32374898,TRUE
TBD,TBD,vit_tiny_patch16_224.augreg_in21k_ft_in1k,224,75.452,206,207,2406.256328,86094296.65,137226.4712,5.72,5717416,34470760,5717416,913833004,15736592,TRUE
TBD,TBD,vit_tiny_patch16_384.augreg_in21k_ft_in1k,384,78.446,70,70,624.991481,112218308.6,531768.9718,5.79,5790376,90577000,5790376,3694712524,46087952,TRUE
TBD,TBD,vit_tiny_r_s16_p8_224.augreg_in21k_ft_in1k,224,71.82,294,292,5531.435252,52969424.07,57741.13222,6.34,6337704,162090280,6337704,231570424,7598672,TRUE
TBD,TBD,vit_tiny_r_s16_p8_384.augreg_in21k_ft_in1k,384,75.962,100,99,1770.682298,56091919.71,180009.9467,6.36,6355944,465622120,6355944,736729484,22172432,TRUE
TBD,TBD,vit_wee_patch16_reg1_gap_256.sbb_in1k,256,80.268,78,76,945.899013,80427524.12,344434.5962,13.42,13422568,63549928,13422568,2903278368,35529424,TRUE
TBD,TBD,volo_d1_224.sail_in1k,224,84.152,48,44,452.9356354,97331949.36,712033.1104,26.63,26632040,1281008360,26632040,6526600808,54021544,TRUE
TBD,TBD,volo_d1_384.sail_in1k,384,85.266,16,16,134.3608968,119316220.6,2418405.819,26.78,26777960,3714224360,26777960,19173730408,158713064,TRUE
TBD,TBD,volo_d2_224.sail_in1k,224,85.202,26,22,238.5605284,92438973.5,1361248.247,58.68,58678336,1409147520,58678336,13625296968,90868624,TRUE
TBD,TBD,volo_d2_384.sail_in1k,384,86.058,10,10,71.62903226,139820323.2,4537125.217,58.87,58872896,4029287040,58872896,40030502888,266984944,TRUE
TBD,TBD,volo_d3_224.sail_in1k,224,85.442,18,18,163.3550752,110349172.4,1992285.54,86.33,86325072,1436794256,86325072,19669751944,128105488,TRUE
TBD,TBD,volo_d3_448.sail_in1k,448,86.512,4,4,31.11555711,128574455.4,10511048.84,86.63,86626128,5491115408,86626128,78661698664,512332912,TRUE
TBD,TBD,volo_d4_224.sail_in1k,224,85.872,10,11,91.7042806,120179652.1,3542191.331,192.96,192961520,1773954992,192961520,42664608776,188042000,TRUE
TBD,TBD,volo_d4_448.sail_in1k,448,86.79,2,2,17.79510792,112608855.2,18345446.01,193.41,193413104,6522360752,193413104,1.71E+11,752037488,TRUE
TBD,TBD,volo_d5_224.sail_in1k,224,86.078,4,6,55.45676981,108405817.4,5855823.92,295.46,295455584,5076652640,295455584,70277580488,296948880,TRUE
TBD,TBD,volo_d5_448.sail_in1k,448,86.978,1,1,11.4213301,87741977.88,28818177.85,295.91,295907168,19427540576,295907168,2.81E+11,1187646576,TRUE
TBD,TBD,volo_d5_512.sail_in1k,512,87.066,1,1,8.977107274,111612008.6,36627830.21,296.09,296091488,25285045856,296091488,3.67E+11,1551196656,TRUE
TBD,TBD,wide_resnet101_2.tv_in1k,224,78.848,30,22,295.5623587,74607285.38,1015687.018,126.89,126886696,22753189480,126886696,22836745192,83250128,TRUE
TBD,TBD,wide_resnet101_2.tv2_in1k,224,82.516,30,22,297.1743451,74086961.88,1039265.946,126.89,126886696,22753189480,126886696,22836745192,83250128,TRUE
TBD,TBD,wide_resnet101_2.tv2_in1k,176,80.488,50,48,469.4791577,102448154.2,682558.2374,126.89,126886696,14282591848,126886696,14334428136,51709392,TRUE
TBD,TBD,wide_resnet50_2.racm_in1k,288,82.266,30,30,332.1974593,90479823.71,930336.0858,68.88,68883240,18840358504,68883240,18933519336,92490704,TRUE
TBD,TBD,wide_resnet50_2.racm_in1k,224,81.488,52,44,559.5100774,78866265.88,559937.381,68.88,68883240,11398090344,68883240,11454419944,55954384,TRUE
TBD,TBD,wide_resnet50_2.tv_in1k,224,78.48,52,44,562.7023038,78273295.35,547481.1509,68.88,68883240,11398090344,68883240,11454419944,55954384,TRUE
TBD,TBD,wide_resnet50_2.tv2_in1k,224,81.598,52,44,560.0884284,78754673.39,563287.2242,68.88,68883240,11398090344,68883240,11454419944,55954384,TRUE
TBD,TBD,wide_resnet50_2.tv2_in1k,176,80.436,82,80,868.6784666,92304265.14,363427.3327,68.88,68883240,7272529512,68883240,7307584488,34858448,TRUE
TBD,TBD,xception41.tf_in1k,299,78.524,16,12,342.1612129,35209872.25,959743.2651,26.97,26969560,9204246160,26969560,9324152864,176327152,TRUE
TBD,TBD,xception41p.ra3_in1k,299,81.98,24,24,406.7155194,59126428.68,811628.4042,26.91,26907752,9204135312,26907752,9248163312,141530712,TRUE
TBD,TBD,xception65.ra3_in1k,299,83.184,12,12,242.9585927,49467005.59,1320085.802,39.92,39916312,13852863952,39916312,14010545120,230991216,TRUE
TBD,TBD,xception65.tf_in1k,299,79.554,12,12,242.3248261,49619768.03,1327626.924,39.92,39916312,13852863952,39916312,14010545120,230991216,TRUE
TBD,TBD,xception65p.ra3_in1k,299,83.164,16,12,271.3781637,44232022.47,1178309.279,39.82,39819560,13852683216,39819560,13909326000,187784920,TRUE
TBD,TBD,xception71.tf_in1k,299,79.908,8,8,181.0848089,44331696.74,1790742.402,42.34,42338736,17946747472,42338736,18149259008,308219408,TRUE
TBD,TBD,xcit_large_24_p16_224.fb_dist_in1k,224,84.936,10,11,120.6052804,91414531.5,2725933.492,189.1,189096136,1860357928,189096136,35543777512,9031680,TRUE
TBD,TBD,xcit_large_24_p16_224.fb_in1k,224,82.89,10,11,120.4159073,91602560.78,2730731.179,189.1,189096136,1860357928,189096136,35543777512,9031680,TRUE
TBD,TBD,xcit_large_24_p16_384.fb_dist_in1k,384,85.776,2,3,38.62803413,77859639.41,8477075.142,189.1,189096136,5108245288,189096136,1.04E+11,26542080,TRUE
TBD,TBD,xcit_large_24_p8_224.fb_dist_in1k,224,85.402,2,2,28.52570119,70303513.92,11472435.89,188.93,188932648,4740108904,188932648,1.40E+11,16859136,TRUE
TBD,TBD,xcit_large_24_p8_224.fb_in1k,224,84.386,2,2,28.62048139,70033159.1,11455874.42,188.93,188932648,4740108904,188932648,1.40E+11,16859136,TRUE
TBD,TBD,xcit_large_24_p8_384.fb_dist_in1k,384,86.026,,,,,,188.93,188932648,13571187304,188932648,4.11E+11,49545216,
TBD,TBD,xcit_medium_24_p16_224.fb_dist_in1k,224,84.288,16,16,235.8491352,68009711.8,1394536.045,84.4,84395752,852527976,84395752,15844377064,6021120,TRUE
TBD,TBD,xcit_medium_24_p16_224.fb_in1k,224,82.632,16,16,236.8484026,67624703.08,1386387.022,84.4,84395752,852527976,84395752,15844377064,6021120,TRUE
TBD,TBD,xcit_medium_24_p16_384.fb_dist_in1k,384,85.434,4,5,77.34064998,64725186.13,4247823.117,84.4,84395752,2345386856,84395752,46549836264,17694720,TRUE
TBD,TBD,xcit_medium_24_p8_224.fb_dist_in1k,224,85.076,4,4,58.02596561,69119844.76,5653018.177,84.32,84323624,2194334440,84323624,62375993832,11239424,TRUE
TBD,TBD,xcit_medium_24_p8_224.fb_in1k,224,83.742,4,4,58.21368522,68928311.37,5625932.765,84.32,84323624,2194334440,84323624,62375993832,11239424,TRUE
TBD,TBD,xcit_medium_24_p8_384.fb_dist_in1k,384,85.842,1,1,17.5082277,57286168.28,18498321.63,84.32,84323624,6288655080,84323624,1.83E+11,33030144,TRUE
TBD,TBD,xcit_nano_12_p16_224.fb_dist_in1k,224,72.318,146,144,2687.600078,53740099.53,123568.0218,3.05,3053224,59334600,3053224,541073256,1505280,TRUE
TBD,TBD,xcit_nano_12_p16_224.fb_in1k,224,69.982,146,144,2685.035942,53794702.03,123871.6365,3.05,3053224,59334600,3053224,541073256,1505280,TRUE
TBD,TBD,xcit_nano_12_p16_384.fb_dist_in1k,384,75.468,48,48,909.5671403,52841885.18,366252.4002,3.05,3053224,168725960,3053224,1589070696,4423680,TRUE
TBD,TBD,xcit_nano_12_p8_224.fb_dist_in1k,224,76.328,40,40,683.0762323,58720185.97,487439.72,3.05,3049016,159962536,3049016,2090859368,2809856,TRUE
TBD,TBD,xcit_nano_12_p8_224.fb_in1k,224,73.9,40,48,702.9052238,68306085.5,473448.5893,3.05,3049016,159962536,3049016,2090859368,2809856,TRUE
TBD,TBD,xcit_nano_12_p8_384.fb_dist_in1k,384,77.82,18,16,239.310326,66876695.79,1391028.495,3.05,3049016,464448936,3049016,6143544168,8257536,TRUE
TBD,TBD,xcit_small_12_p16_224.fb_dist_in1k,224,83.354,32,31,669.8134447,46670013.2,491659.0159,26.25,26253304,454629256,26253304,4737442408,4515840,TRUE
TBD,TBD,xcit_small_12_p16_224.fb_in1k,224,81.982,30,28,656.7200767,42865939.78,502622.7121,26.25,26253304,454629256,26253304,4737442408,4515840,TRUE
TBD,TBD,xcit_small_12_p16_384.fb_dist_in1k,384,84.736,10,10,228.052076,44119569.74,1451322.692,26.25,26253304,1287102856,26253304,13914643048,13271040,TRUE
TBD,TBD,xcit_small_12_p8_224.fb_dist_in1k,224,84.25,8,8,174.7128487,46168301.76,1901791.557,26.21,26213032,1190033704,26213032,18375580264,8429568,TRUE
TBD,TBD,xcit_small_12_p8_224.fb_in1k,224,83.356,8,8,175.4276238,45923488.85,1897965.126,26.21,26213032,1190033704,26213032,18375580264,8429568,TRUE
TBD,TBD,xcit_small_12_p8_384.fb_dist_in1k,384,85.072,2,2,51.76974344,38927333.25,6362730.539,26.21,26213032,3448291624,26213032,53994068584,24772608,TRUE
TBD,TBD,xcit_small_24_p16_224.fb_dist_in1k,224,83.878,16,14,345.8968346,40673219.54,958761.4175,47.67,47671384,494004616,47671384,8938979944,4515840,TRUE
TBD,TBD,xcit_small_24_p16_224.fb_in1k,224,82.58,12,13,316.0549249,41503961.32,1046983.763,47.67,47671384,494004616,47671384,8938979944,4515840,TRUE
TBD,TBD,xcit_small_24_p16_384.fb_dist_in1k,384,85.102,4,4,102.7259992,39261677.14,3222750.27,47.67,47671384,1361499016,47671384,26262018664,13271040,TRUE
TBD,TBD,xcit_small_24_p8_224.fb_dist_in1k,224,84.876,2,3,75.71762573,39959121.67,4348959.012,47.63,47631112,1283599144,47631112,35181730408,8429568,TRUE
TBD,TBD,xcit_small_24_p8_224.fb_in1k,224,83.854,2,3,75.9294452,39798198.89,4336870.249,47.63,47631112,1283599144,47631112,35181730408,8429568,TRUE
TBD,TBD,xcit_small_24_p8_384.fb_dist_in1k,384,85.582,1,1,23.46389927,42922939.27,13738454.11,47.63,47631112,3681940264,47631112,1.03E+11,24772608,TRUE
TBD,TBD,xcit_tiny_12_p16_224.fb_dist_in1k,224,78.578,62,60,1619.811693,37244153.1,203903.7882,6.72,6716272,123579832,6716272,1200943912,2257920,TRUE
TBD,TBD,xcit_tiny_12_p16_224.fb_in1k,224,77.142,62,60,1612.04996,37531190.37,205752.719,6.72,6716272,123579832,6716272,1200943912,2257920,TRUE
TBD,TBD,xcit_tiny_12_p16_384.fb_dist_in1k,384,80.952,20,20,544.8570877,36919281.54,605743.3634,6.72,6716272,350704312,6716272,3527200552,6635520,TRUE
TBD,TBD,xcit_tiny_12_p8_224.fb_dist_in1k,224,81.212,16,16,426.4814701,37840421.27,774827.0203,6.71,6706504,328711816,6706504,4649389864,4214784,TRUE
TBD,TBD,xcit_tiny_12_p8_224.fb_in1k,224,79.712,16,16,425.851435,37931135.51,776617.101,6.71,6706504,328711816,6706504,4649389864,4214784,TRUE
TBD,TBD,xcit_tiny_12_p8_384.fb_dist_in1k,384,82.392,4,5,133.7217187,37712059.1,2451652.612,6.71,6706504,953541256,6706504,13661409064,12386304,TRUE
TBD,TBD,xcit_tiny_24_p16_224.fb_dist_in1k,224,80.466,34,34,834.663675,40946403.02,396965.0721,12.12,12116896,137959096,12116896,2261263144,2257920,TRUE
TBD,TBD,xcit_tiny_24_p16_224.fb_in1k,224,79.458,34,34,829.6776468,41330282.36,401441.7147,12.12,12116896,137959096,12116896,2261263144,2257920,TRUE
TBD,TBD,xcit_tiny_24_p16_384.fb_dist_in1k,384,82.58,10,10,275.1806585,36580037.62,1201908.445,12.12,12116896,382593976,12116896,6643240744,6635520,TRUE
TBD,TBD,xcit_tiny_24_p8_224.fb_dist_in1k,224,82.58,8,7,201.0422543,35153967.95,1644309.543,12.11,12107128,370186120,12107128,8890666792,4214784,TRUE
TBD,TBD,xcit_tiny_24_p8_224.fb_in1k,224,81.89,8,7,201.2369721,35093098.35,1639949.092,12.11,12107128,370186120,12107128,8890666792,4214784,TRUE
TBD,TBD,xcit_tiny_24_p8_384.fb_dist_in1k,384,83.784,2,2,54.73545709,36859709,5862929.763,12.11,12107128,1065057160,12107128,26125569832,12386304,TRUE
